,date,title
0,2022.08.01.,산짜이(山寨)문화
1,2022.08.01.,“네이버쇼핑 활용한 사기 및 개인정보 유출 심각”
2,2022.08.01.,"[마감] 삼성전자, 약보합세 마감...초등학교 입학 연령 하향 추진에 교육주 강..."
3,2022.08.01.,정부 계획에 맞춰 울산도 반도체 투자 시동
4,2022.08.01.,지정학적 리스크에 신중해진 K칩
5,2022.08.01.,[박완규칼럼] 경제위기 맞설 큰 그림이 안 보인다
6,2022.08.01.,'상남자처럼 던지고 떠났다' 누가 허삼영 감독에게 돌을 던지는가
7,2022.08.01.,"삼성 허삼영 감독, 9위 추락 책임 지고 자진 사퇴…박진만 감독대행 체제"
8,2022.08.01.,"제66회 프랜차이즈 창업박람회 2022, 참가업체는?"
9,2022.08.01.,"두산로보틱스, 삼성물산과 건설현장 시공 협동로봇 솔루션 공동개발"
10,2022.08.01.,[미리보는 이데일리 신문] 공공기관 2차 지방이전...시작부터 졸속 우려
11,2022.08.01.,"삼성, 성적 추락에…“허삼영 감독 자진사퇴”"
12,2022.08.01.,"삼성 ‘인공근육 구동기’ 논문, 네이처에 게재"
13,2022.08.01.,시 쓰고 그림 그리고… 예술영역 넘보는 AI
14,2022.08.01.,"경북도, 대학ㆍ연구기관과 반도체 인재양성 돌파구 찾는다"
15,2022.08.01.,"STAC, 1200억 투자 반도체용 고순도 IPA 공장 건립"
16,2022.08.01.,차 이어 정유도 2분기 역대급 실적…조선은 부진 이어가
17,2022.08.01.,"“원전에 폭발물·반도체공장 피습”... 한미 훈련, 실전처럼 한다"
18,2022.08.01.,"'선두' 울산현대, '서울 킬러' 엄원상 앞세워 3연승 도전"
19,2022.08.01.,"[게임 단신] 넷마블, 'A3: 스틸얼라이브' 신규 성장 시스템 '원석' 추가"
20,2022.08.01.,삼성 허삼영 감독 자진사퇴…남은 시즌은 박진만 대행체체
21,2022.08.01.,"대구 5개 건설사, 국토부 2022년도 시공능력평가 '전국 100위권'"
22,2022.08.01.,"[증권 리포트] 대신 ""종근당 신약 파이프라인 눈길""...메리츠 ""현대미포조선..."
23,2022.08.01.,삼성 허삼영 감독 자진 사퇴
24,2022.08.01.,초경량·초박형 ‘인공근육 구동기’ 설계…AR·VR 웨어러블 기기에 적용 길 ...
25,2022.08.01.,"넥스트젠, K-Display 2022서 디스플레이 기판 유리 가공 품질 높인 '엣지 폴리..."
26,2022.08.01.,"""삼성 부진에 책임""…허삼영, 감독직 내려놓다"
27,2022.08.01.,‘명가재건’ 못 이루고… 삼성 허삼영 감독 사퇴
28,2022.08.01.,한화에어로스페이스 몸집 키운다
29,2022.08.01.,[에너지 갈등]④ 고전력 첨단 시설은 수도권 집중…비용은 지방에
30,2022.08.02.,[TEN 포토] 김수현 '빛나는 외모'
31,2022.08.02.,"[마감] 한화에어로스페이스, 신고가 경신...펠로시 대만 방문에 '긴장 고조'"
32,2022.08.02.,[TEN 포토] 고소영 '애둘맘 美친 미모'
33,2022.08.02.,[TEN 포토] 고소영 '원조 청춘스타 정우성과 이정재 함께'
34,2022.08.02.,"장혁-박해진-김수현-이민호, 미남배우들이 한 자리에[엑's HD화보]"
35,2022.08.02.,"영진전문대, ‘방송영상미디어과’ 신설…40명 모집"
36,2022.08.02.,허성태 '한미녀 넌 나랑 가야지'[★포토]
37,2022.08.02.,BTS 진 '월드스타는 찍어야지'[★포토]
38,2022.08.02.,BTS 진 '형님들 제가 준비한게 있어요'[★포토]
39,2022.08.02.,BTS 진 '파이팅 헌트!'[★포토]
40,2022.08.02.,정우성-이정재 '우리 월드스타 동생 진'[★포토]
41,2022.08.02.,BTS 진 흐뭇하게 바라보는 정우성-이정재[★포토]
42,2022.08.02.,BTS 진 '시선강탈'[★포토]
43,2022.08.02.,위하준-아누팜 트리파티 '오징어 게임 인연'[★포토]
44,2022.08.02.,이선빈 '멋진 오빠들과'[★포토]
45,2022.08.02.,주현영-허성태 '우영우 인사법'[★포토]
46,2022.08.02.,주현영 '대세 배우의 극장 나들이'[★포토]
47,2022.08.02.,정우성-이영자 '예의 바른 인사'[★포토]
48,2022.08.02.,송실장-이영자 '헌트 저격'[★포토]
49,2022.08.02.,장혁 '의리파'[★포토]
50,2022.08.02.,"美, 中 메모리 기업에 수출제한 검토…삼성·SK하이닉스 타격 입나"
51,2022.08.02.,정우성-박해진-이정재 '조각남 모임'[★포토]
52,2022.08.02.,이선균 '아내 전혜진 응원왔어요'[★포토]
53,2022.08.02.,이준호 '정우성-이정재와 함께'[★포토]
54,2022.08.02.,"정호연부터 아누팜까지, 이정재 위해 영화관 찾은 '오징어게임' 멤버들[엑's ..."
55,2022.08.02.,"[2일 팀 순위]2위 키움은 선두 SSG에, 3위 LG는 7위 롯데에, 그리고 5위 KIA는..."
56,2022.08.02.,"가석방 제외 김경수, 광복절 특사에?"
57,2022.08.02.,시간에 쫓겨 위험에 내몰리는 냉방기 전문 기사
58,2022.08.02.,"세종대, 대학일자리플러스센터 '삼성전자 협력사 채용설명회' 진행"
59,2022.08.02.,"'삼성은 왜 캡틴까지 바꿨나...' 새 주장 ""감독님 사퇴, 저희 선수들이 못해서..."
60,2022.08.03.,"[마감] LG에너지솔루션, 시총 100조원 재돌파...중국 대만 규제에 식품주 강세"
61,2022.08.03.,경제인 사면의 역사…이유는 '경제살리기' [옛날신문보기]
62,2022.08.03.,"""낸드 혁신 주도하겠다"" 삼성전자, 빅데이터 맞춤 솔루션 공개"
63,2022.08.03.,"""초반에 너무 힘들었는데""…위기에도 쓰러지지 않은 최원준[잠실 히어로]"
64,2022.08.03.,"kt 박병호, 31호 32호 연타석 석 점 홈런 폭발"
65,2022.08.03.,"'요즘것들이 수상해' 정세운, 최초 외국인 요상이…파리지앵 소리꾼 마포 로르..."
66,2022.08.03.,"[3일 경기종합] 홈런 1위 kt 박병호 연타석 3점포 대폭발…키움 안우진, SSG ..."
67,2022.08.03.,"홈런 1위 박병호 연타석 3점포 대폭발…안우진, 김광현에 판정승"
68,2022.08.03.,"[8월 3일 병원계 이모저모②]고려대, 강북삼성, 명지, 은평성모, 한양대구리병..."
69,2022.08.03.,"“더우니까 하루에 딱 한 번 잘하자”…허경민의 새로운 마음가짐, 역전타 원..."
70,2022.08.03.,"'나성범 연장 10회초 결승타' KIA, 한화 꺾고 3연패 탈출"
71,2022.08.03.,"[프로야구] 3일 프로야구, KIA 연장전 승...프로야구 순위"
72,2022.08.03.,"'안우진 7이닝 7K 11승, 이정후 결승타' 키움, 김광현의 SSG에 5연패와 최근 ..."
73,2022.08.03.,"'카리스마' 김태형 감독의 2차례 항의, 투수한테 어떤 영향 미쳤나 [★잠실]"
74,2022.08.03.,짬짜미 드러난 액화탄산가스 제조사업자 '철퇴'
75,2022.08.03.,'요즘 것들이 수상해' 파리지앵 판소리꾼 마포 로르 요상이 등장
76,2022.08.03.,"'잔루 10개' 삼성, 박진만 대행 첫 경기 패배…박병호 31·32호포(종합)"
77,2022.08.03.,[KBO 내일의 선발투수]8월4일(목)
78,2022.08.03.,"키움, SSG 꺾고 4연패 탈출…박진만 대행, 데뷔전서 패배(종합)"
79,2022.08.03.,[프로야구] 4일 선발투수 예고
80,2022.08.03.,"양현준 시즌 5호골 강원, '8경기 무패' 전북 2대 1 제압"
81,2022.08.03.,"홈런 1위 박병호 연타석 3점포 대폭발…안우진, 김광현에 판정승(종합)"
82,2022.08.03.,[프로야구] 전적 종합(3일)
83,2022.08.03.,"한-말레이, 亞 최초'CCS 허브' 사업 추진"
84,2022.08.03.,"NC, 내야수 정현과 계약 해제"
85,2022.08.03.,"삼성 SDI 김경태 프로, 광명원 후원품 전달"
86,2022.08.03.,"결정력 부족과 불운…삼성, 박진만 대행 체제 첫 경기서 단 1점"
87,2022.08.03.,"박경귀 아산시장, ‘아산항 개발’ 송상근 해수부 차관에게 건의"
88,2022.08.03.,'요즘것들이 수상해' 최초 외국인 요상이 등장...정체는?
89,2022.08.03.,"건강원 칵테일 바 사장님ㆍ파리지앵 판소리꾼 마포 로르, 새 인생 개척하는 ‘..."
90,2022.08.04.,"""비♥김태희, 건물로 300억 차익""→이효리♥이상순·송혜교 30억대 '화들짝'(..."
91,2022.08.04.,"코스피, 외인 매수에 0.47% 상승 마감...2,470선 회복"
92,2022.08.04.,"비♥김태희·서태지 300억, 이효리♥이상순·송혜교 30억 ‘부동산 시세차익’..."
93,2022.08.04.,"'연중 라이브' 비♥김태희, 연예계 재테크 고수…건물 300억원 차익 [TV캡처]"
94,2022.08.04.,"'부동산 부자' 서태지→비♥김태희, 건물 시세 차익만 300억 [연중라이브]"
95,2022.08.04.,"'연중 라이브' 이효리X이상순→김태희X비 부부, ★들의 부동산 투자 현황에 '..."
96,2022.08.04.,"이효리♥이상순, 3년만 시세차익 30억…""빌딩 투자, 규제가 덜해"" (연중)"
97,2022.08.04.,"[마감] 카카오, 2분기 최대실적에 '강세'...위메이드, '위믹스3.0' 출시 기대..."
98,2022.08.04.,"송혜교, 시세 차익 약 29억원…차인표·신애라에 매입한 주택 매각"
99,2022.08.04.,"'연중 라이브' 비♥김태희, 초고액 부동산 스타 ""최근 약 300억원 차익"""
100,2022.08.04.,[사진]강민호 희생번트
101,2022.08.04.,"빗썸, 삼성증권·NH농협·KB국민 앱에서 가상자산 조회 서비스 제공"
102,2022.08.04.,"삼성, 두산 꺾고 박진만 감독대행 첫 승리…LG 71일 만에 2위(종합)"
103,2022.08.04.,"뇌출혈-쌍꺼풀, 수술비는 같다…간호사 죽음 뒤엔 이런 현실"
104,2022.08.04.,"[4일 경기종합] 한화 '교체 용병' 라미레즈, 양현종에 판정승…새 에이스 우뚝"
105,2022.08.04.,"‘ERA 2.93→15.58’ 태양이 고척에서도 졌다…최근 3G 26피안타, 이럴수가"
106,2022.08.04.,"""분해서 못 잤는데…"" 강민호 번트·김지찬 스퀴즈 대성공, 박진만표 '발 야구..."
107,2022.08.04.,"'원태인 7이닝 무실점투+16안타 9득점' 삼성, 박진만 대행에 데뷔 첫 승 선물..."
108,2022.08.04.,"삼성 원태인의 두산전 호투 비결 ""봉인했던 커터를 꺼냈다"""
109,2022.08.04.,"'박성한 동점타·결승타' SSG, 1위 질주…LG, 2위 도약(종합)"
110,2022.08.04.,이찬원 '찬또야 어디가 6편'…눕방과 불멍사이에 빛나는 '여유힐링' 비주얼 ″...
111,2022.08.04.,"카카오뱅크 플랫폼 강화로 상반기 사상 최대실적, 윤호영 연임 청신호"
112,2022.08.04.,"재계, 이재용·신동빈 특사 건의 추진"
113,2022.08.04.,"'교체 용병' 라미레즈, 양현종에 판정승…한화 새 에이스 우뚝(종합)"
114,2022.08.04.,모처럼 화끈한 ‘사자 본능’ 깨어났네
115,2022.08.04.,"'2년만에 두산전 승리' 삼성 원태인 ""박진만 대행님 첫 승 축하"""
116,2022.08.04.,"″8월 8일 데뷔 6주년 축하합니다″…임영웅 팬카페 영웅시대 부천서포터즈, ..."
117,2022.08.04.,삼성중공업 혁신 기술 공모전 공동 개최
118,2022.08.04.,"한국선재, 20억 규모 자사주 취득 결정"
119,2022.08.04.,"꾸준한 박해민, 역대 3번째 9년 연속 20도루"
120,2022.08.05.,"윤영철 무너뜨린 2학년 포수의 한방 ""예사 방망이가 아니야"" [춘추 현장]"
121,2022.08.05.,"[마감] 네이버, 2분기 실적 부진에 하락...원숭이두창 관련주 '강세'"
122,2022.08.05.,"[단독] 이준석 반격 공식화…“내가 직접 가처분 신청, 기자회견도 검토”"
123,2022.08.05.,"뉴욕증시 비트코인 휘청 ""너무 좋은"" 고용보고서 쇼크 FOMC 자이언트스텝 금리..."
124,2022.08.05.,"홍준표 ""이준석, 좀 더 성숙해서 돌아오라…입장 중재 이제 그만두겠다"""
125,2022.08.05.,[부고] 이재창(대한병원 산부인과 과장)씨 모친상
126,2022.08.05.,"삼성화재, 운전자보험 개정…로드킬·포트홀 보장 특약 신설"
127,2022.08.05.,"'켈리에 1이닝 7득점' 키움, LG에 1점차 승리로 하룻만에 2위 자리 되찾아…'..."
128,2022.08.05.,"[5일 팀 순위]키움, LG에 접전끝 승리로 하룻만에 2위에 복귀…삼성, 선두 SS..."
129,2022.08.05.,"유안타증권, 해외주식 ELS 등 파생결합상품 5종 공모"
130,2022.08.05.,아이지에이웍스 IPO 주관사단에 삼성증권 합류
131,2022.08.05.,"[나이트포커스] 與 상임전국위, 논의·표결 거쳐 '비상상황' 결론...반격 나서..."
132,2022.08.05.,"""굉장히 좋아"" 작두 탄 사령탑, 첫 선발출전 유망주 역전포 응답 [오!쎈 광주..."
133,2022.08.05.,코로나19 재확산…제약·바이오 재부상하나
134,2022.08.05.,"[5일 경기종합]키움, LG 꺾고 2위 탈환…삼성은 연장 10회에 SSG 제압"
135,2022.08.05.,"국힘 비대위 전환에 '반격' 공식화한 이준석...""법적 대응 나설 것, 기자회견..."
136,2022.08.05.,"키움, LG 꺾고 하루 만에 2위 탈환…삼성은 선두 SSG 격파(종합)"
137,2022.08.05.,"키움, LG 잡고 하루 만에 2위 탈환…두산 브랜든 데뷔전 승(종합)"
138,2022.08.05.,"키움, LG 꺾고 2위 탈환…삼성은 연장 10회에 '천적' SSG 제압(종합)"
139,2022.08.05.,"프로야구 키움, LG 누르고 2위 탈환"
140,2022.08.05.,"켈리 상대로 2회 7득점…키움, LG 꺾고 하루 만에 2위 탈환"
141,2022.08.05.,"1위 잡은 감독대행…침묵하던 김현준, 안타 하나면 됐다 [오!쎈 인천]"
142,2022.08.05.,"제르소 ‘원맨쇼’…제주, 보약 같은 ‘서울 원정쇼’"
143,2022.08.05.,‘푸이그 2점포’ 키움 2위 탈환
144,2022.08.05.,[프로야구] 6일 선발투수 예고
145,2022.08.05.,[KBO 내일의 선발투수]8월6일(토)
146,2022.08.05.,"‘치열했던 2위 쟁탈전’ 키움, LG에 8-7 승…2위 탈환[스경X현장]"
147,2022.08.05.,성동조선 다시 지역경제 버팀목으로 기지개
148,2022.08.05.,[프로야구] 전적 종합(5일)
149,2022.08.05.,"페르난데스 역대 외인 안타 2위…두산, KIA 4.5경기차 추격(종합)"
150,2022.08.06.,"[6일 팀 순위]LG-키움과 NC-삼성, 나란히 1승씩을 나누어 가지며 하룻만에 순..."
151,2022.08.06.,[사진]돌아온 SSG 믿을맨 문승원
152,2022.08.06.,"[사진]문승원,'빗 속 역투'"
153,2022.08.06.,野 이재명 이변 없는 1위...與 비대위 앞두고 폭풍전야
154,2022.08.06.,[사진]동점포 날리고 아기짐승 안아주는 김강민
155,2022.08.06.,"프로야구 LG, 키움 꺾고 하루 만에 2위 재탈환"
156,2022.08.06.,"[사진]동점포 김강민,'큰 형님이 해냈다'"
157,2022.08.06.,"[사진]최정,'2000번째 출장 경기 승리해 기뻐요'"
158,2022.08.06.,"[사진]노경은,'베테랑의 힘'"
159,2022.08.06.,"SSG 랜더스, 삼성 라이온즈에 '11회 끝내기 승리' 주말 1차전 패배 설욕"
160,2022.08.06.,"[사진]삼성,'허무한 끝내기 패배'"
161,2022.08.06.,"[사진]끝내기 물세례 맞는 노경은,'SSG 수호신'"
162,2022.08.06.,"[사진]박주호,'덥다 더워'"
163,2022.08.06.,"'최충연 끝내기 폭투' SSG, 연장 끝 삼성 제압…LG는 2위 탈환(종합)"
164,2022.08.06.,"[IS 승장]김원형 감독 ""자원 3연투 노경은, 너무 고맙다"""
165,2022.08.06.,[포토S] 역투하는 문승원
166,2022.08.06.,[프로야구] 전적 종합(6일)
167,2022.08.06.,[프로야구] 7일 선발투수 예고
168,2022.08.06.,"[사진]김도균 감독,'침착하게 가라'"
169,2022.08.06.,"[사진]주먹 불끈 노경은,'바로 이거야'"
170,2022.08.06.,"'폭투로 끝났다' SSG, 삼성과 연장 혈투 끝에 7:6 승리"
171,2022.08.06.,"[포토] 박성한, 최충연 폭투 때 끝내기 득점"
172,2022.08.06.,[사진]위기 넘기고 환호하는 노경은
173,2022.08.06.,"[포토S] 노경은, 관록투"
174,2022.08.06.,[포토] 승리투수 노경은의 미소
175,2022.08.06.,"[사진]오태곤,'SSG 위기서 구한다'"
176,2022.08.06.,"[사진]오태곤,'SSG 구한 호수비'"
177,2022.08.06.,"[사진]박주호,'안정적인 플레이'"
178,2022.08.06.,[KBO 내일의 선발투수]8월7일(일)
179,2022.08.06.,"[사진]박주호,'치열한 볼다툼에 악!'"
180,2022.08.07.,[ISEC 2022] 스마트시티·상점·공장·의료 보안 등 ‘융합보안’ 논의의 장 ...
181,2022.08.07.,"대안으로 떠오른 '원통형과 LFP', 국내 배터리 3사 동향은?"
182,2022.08.07.,고유가에 자동차는 주차중…빅5 손보 손해율 급감
183,2022.08.07.,"삼성전자, 갤럭시 S22 시리즈에 'One UI 5' 베타 론칭"
184,2022.08.07.,"KIA, 연장 10회 최형우의 끝내기안타로 두산에 진땀승…'플럿코 11승투+오지환..."
185,2022.08.07.,"'2번' 전의산·'4번' 최정 동반 맹타…SSG 미래와 현재, 한 눈에 보셨습니까"
186,2022.08.07.,"LG, 키움 꺾고 1경기 차 2위 수성…NC, 단독 7위 등극(종합)"
187,2022.08.07.,"큐넷 공인중개사 원서접수 일정, 메가랜드 '합격 루틴 인증 챌린지' 이벤트 개..."
188,2022.08.07.,"'플럿코 11승투에 오지환 19호포' LG, 키움에 1게임차 앞서 2위에…KIA, 연장..."
189,2022.08.07.,"정부, 美주도 ‘칩4 예비회의’ 참여키로… 가입하되 中 배제 않게"
190,2022.08.07.,[2030 부산엑스포] 이재용·정현호·한종희 등 삼성전자 경영진 '총력전'...노...
191,2022.08.07.,"임영웅 팬클럽 'HERO:ON', 임영웅 데뷔 6주년 기념해 '동물 복지' 위한 물품 ..."
192,2022.08.07.,삼성 “폴더블폰 대중화로 하반기 실적 회복”
193,2022.08.07.,"“다 된 밥에 재 뿌릴라”… 경제계, 기업인 사면 청원 함구[재계 블로그]"
194,2022.08.07.,"장애가 있어도 삶은 재미있습니다, 많은 것을 할 수 있으니까요[청춘기록]"
195,2022.08.07.,"삼성전자, '2022 삼성 AI 챌린지' 개최"
196,2022.08.07.,"마티니, 그라운드 만루홈런…NC, 롯데 제치고 단독 7위"
197,2022.08.07.,[프로야구] 전적 종합(7일)
198,2022.08.07.,[기고] 재경 향우들이 울산에 바란다
199,2022.08.07.,"인천에 에어 조던이 떴다… SSG 통곡의 벽, 삼성 주저앉힌 '슈퍼 캐치'"
200,2022.08.07.,"LG 오지환, 그물 수비 선보이고 결승 홈런에 쐐기타…2위 경쟁 키움 ‘압도’"
201,2022.08.07.,"수원FC 김현, 뒤늦게 꽃피운 재능 ‘인생역전’…서른, 잔치가 시작됐다"
202,2022.08.07.,업무 복귀한 尹 ‘민생경제’ 집중할 듯
203,2022.08.07.,일어날 때 갑자기 핑~ 폭염에 더위 먹은 탓?
204,2022.08.07.,"KIA, 끝내기 안타로 3연패 탈출...LG, 2위 수성"
205,2022.08.07.,주말 사흘간 경남 1만9881명 확진
206,2022.08.07.,"HSG성동조선, 블록 공장으로 부활 성공"
207,2022.08.07.,82년생 김지영 대본 공개한 여배우 “나는 누구일까…”
208,2022.08.07.,"‘반쪽짜리’ 장위뉴타운, 17년 만에 ‘완전체’로 반전 드라마"
209,2022.08.07.,"완성차·배터리 업체, 친환경차 본격 전환 대비 ‘인재 쟁탈전’"
210,2022.08.08.,[영상] 거리 조명 '오락가락'…강남 폭우로 침수 피해 속출
211,2022.08.08.,[영상] 천장 무너지고 도로·차 물에 잠겨…폭우로 곳곳 물바다
212,2022.08.08.,이수역 잠기고 1호선 멈추고…500mm 물폭탄에 강남 아수라장
213,2022.08.08.,"강남 한복판 차 50대 '둥둥', 대치 학원가 '정전'…물폭탄 피해 속출(종합)"
214,2022.08.08.,[채희창칼럼] 의료계 민낯 드러낸 아산병원 사태
215,2022.08.08.,"80년만의 기록적 폭우, 서울 지하철이 멈춰 섰다"
216,2022.08.08.,[중부 물폭탄] 서울 강남 일대 물바다…지하철도로 침수에 퇴근길 마비
217,2022.08.08.,서울 도로 곳곳 침수...영등포・이수역 등 역사 내 빗물 유입
218,2022.08.08.,집중호우에 물바다된 수도권…지하철 멈추고 잠수교 전면통제
219,2022.08.08.,"이현이 남편 홍성기, 결혼 11년 차 부부에게 또다시 찾아온 위기 '동상이몽2 ..."
220,2022.08.08.,"메디콕스·삼성스팩4호, 9일 투자주의종목 지정 '단일계좌 거래량 상위'"
221,2022.08.08.,중부지방 80년 만의 폭우…곳곳서 도로통제·침수피해(종합)
222,2022.08.08.,"행안부, 경기·서울' 물폭탄'에 중대본 2단계…위기경보 '주의'→'경계'로 상..."
223,2022.08.08.,"""물난리에 정전사태까지""...아수라장 된 강남"
224,2022.08.08.,폭우 피해 속출…도로 막히고 지하철 중단
225,2022.08.08.,기록적 폭우에 수도권 곳곳 물바다...지하철역 침수에 도림천 범람까지
226,2022.08.08.,강남 아파트 지하 주차장 물바다…강남 일대 도로에 車 떠다녀
227,2022.08.08.,"강남역 침수, 코엑스 누수… ‘100㎜ 물폭격’ 맞은 서울"
228,2022.08.08.,여의도 IFC몰 천장도 뻥 뚫렸다... 쇼핑몰 안으로 빗물 콸콸
229,2022.08.08.,"이랜드 이크루즈-삼성전자, 뉴 갤럭시 NFT 생태계 구축 위한 MOU 체결"
230,2022.08.08.,엉덩이까지 물 찬 강남…지하철 중단·귀가도 포기
231,2022.08.08.,"""여보 오늘 호텔서 자고 바로 출근할게""…폭우에 귀가 포기한 직장인들"
232,2022.08.08.,“가을야구 막차티켓은 나의 것”… 5위 싸움 절정
233,2022.08.08.,중부지방 덮친 물폭탄…지하철역·도로까지 삼켰다
234,2022.08.08.,폐동맥고혈압 치료제 실제 사용한 데이터 살펴보니...
235,2022.08.08.,“식당에 빗물 1m 들어차”…물폭탄에 수도권 아수라장
236,2022.08.08.,"한국관광협회중앙회, 중소벤처기업진흥공단 K-기업가정신센터·진주시와 산업..."
237,2022.08.08.,300㎜ 물폭탄에 강남 일대 물바다...도로 잠기고 지하철역 침수
238,2022.08.08.,반쯤 잠긴 차 본닛 위로 피신...폭우에 '물바다'된 강남
239,2022.08.08.,서울 지하철 7호선 혼란…폭우로 이수역 천장 무너져
240,2022.08.09.,"[증권소식] 수요예측 참패 쏘카 공모가·물량 대폭 줄여 상장/검찰, 에디슨모..."
241,2022.08.09.,코리아블록체인위크 2022 메인 콘퍼런스 ‘KBW2022:IMPACT’ 성료
242,2022.08.09.,"네오위즈, 폴리곤과 손잡고 블록체인 게임 플랫폼 '인텔라 X' 구축 돌입"
243,2022.08.09.,"광복절 특사, 정치인 최소화할 듯…MB·김경수 제외 가능성"
244,2022.08.09.,성균관 은행나무 부러지고 왕릉 토사 유실...문화재도 피해
245,2022.08.09.,"경북 배터리 특구, '2022 균형발전 우수사례' 선정"
246,2022.08.09.,한국얀센 ‘업트라비정(성분명: 셀렉시팍)’ 리얼월드 데이터 공개 ‘관심’
247,2022.08.09.,"물폭탄···재난에 임하는 31개 지자체장들, 휴가 중 복귀해 수해 현장 지켜"
248,2022.08.09.,[폭우 침수 교통 통제] 동부간선·올림픽대로 등 17개 구간 통제 중…강변북로...
249,2022.08.09.,9년 만에 국회 찾는 빌 게이츠…尹 대통령·이재용·최태원 만남 촉각
250,2022.08.09.,"[마감] 삼성전자, 장중 6만원 밑돌아...롯데손해보험 등 하락"
251,2022.08.09.,'윤석열 결단' 남은 '이재용·신동빈 광복절 특사'...역대 대통령의 기업인 사...
252,2022.08.09.,'8700명 운집'··· 메인 컨퍼런스 'KBW2022: IMPACT' 성료
253,2022.08.09.,[오창익의 뉴스공감-김희교] 낸시 펠로시가 쏘아 올린 미중 딜레마
254,2022.08.09.,"죽음 앞둔 당신, 어떤 유언을 남길 것인가?"
255,2022.08.09.,중고 신인 ‘4인 열전’…누가 왕이 될 상인가
256,2022.08.09.,고령화 시대 ‘어르신 돌보는 생활가전’… 삼성전자도 뛰어들었다
257,2022.08.09.,광복절 사면에 MB·김경수 제외 가닥...尹 결단만 남았다
258,2022.08.09.,"침수 구간 만났을 때 '절대 금물' 행동?…""엔진 멈출 수도"""
259,2022.08.09.,[아주경제 오늘의 뉴스 종합] 기록적 폭우에 침수차 속출...車 수급 불균형 '...
260,2022.08.09.,'광복절 특사' 심사위 개최...MB·김경수는 빠지나
261,2022.08.09.,기대감이 커지고 있는 클린에너지 관련 ETF
262,2022.08.09.,광복절 사면심사위 종료…이재용·신동빈 포함 유력
263,2022.08.09.,삼성 ‘언팩 2022’ D-1… 갤럭시Z폴드4·플립4 베일 벗는다
264,2022.08.09.,"‘외제차 메카’ 물폭탄, 침수차 5000대 육박…벌써 ‘역대급 피해’ 발생 [왜..."
265,2022.08.09.,물폭탄에 침수된 자동차만 5000대 육박…자동차보험 손해율 급증할듯
266,2022.08.09.,"충남도, 이어유서포터즈 위촉 및 간담회 개최"
267,2022.08.09.,이명박·이재용 사면 되나…광복절 특사 심의위 개최
268,2022.08.09.,"잠깐인 줄 알았던 부진, 이대로면 강등권이다"
269,2022.08.09.,가상인간 ‘와이티’ 신세계 소속이었네
270,2022.08.10.,"'피렐라 연장 10회 끝내기' 삼성, KIA에 3:2 승리"
271,2022.08.10.,"삼성전자, 갤럭시 언팩 신제품에 폐어망 등 재활용 소재 적용 확대"
272,2022.08.10.,"마산대와 5개대학–창원시-3개 종합병원, 간호교육 산·학·관 협약"
273,2022.08.10.,"삼성전자, 힌지 줄이고 배터리 늘렸다…갤럭시Z플립4·폴드4 공개"
274,2022.08.10.,"[갤럭시 언팩] 삼성전자, '갤버즈2 프로' 공개…27만9000원"
275,2022.08.10.,"원희룡 ""해외 건설 수주 뒷받침 정책 적극 발굴"""
276,2022.08.10.,배터리 용량 12% 개선된 4세대 갤럭시 Z 플립
277,2022.08.10.,[갤럭시 언팩 2022] 이번에도 BTS 등장... 갤럭시Z플립4 '보라 퍼플' 소개
278,2022.08.10.,삼성 '4세대 폴더블폰' 언팩서 전격 공개...Z플립4 147만원·Z폴드4 236만원
279,2022.08.10.,"""폴더블폰 대중화""....삼성전자 '갤럭시Z 플립·폴드4' 공개"
280,2022.08.10.,"[마감] 삼성전자, 또 6만원선 붕괴...사우디 왕세자 방한 기대 건설주 '강세'"
281,2022.08.10.,"삼성전자, '갤럭시 버즈2 프로' 출시…""크기는 작아지고 사운드는 고품질로"""
282,2022.08.10.,"[사설] 광복절 특사, 경제민생과 국민통합을 기준으로 삼아야"
283,2022.08.10.,"“이번에도 나왔네”…BTS, 갤럭시 언팩 영상 등장"
284,2022.08.10.,"삼성전자, 15% 작아진 ‘갤럭시버즈2 프로’ 공개"
285,2022.08.10.,[삼성 갤럭시 언팩] 소비자에 다가간 플립4·폴드4...'대중화' 시동
286,2022.08.10.,이틀만에 차량 침수 손해액 978억…車보험 손해율 '빨간불'
287,2022.08.10.,"이찬원, 말랑말랑 샤이니 또냥이의 초절정 귀여움으로 `선미의 쇼!터뷰` 출격"
288,2022.08.10.,"[갤럭시 언팩 2022] 플립4·폴드4, '폴더블 대중화시대' 연다"
289,2022.08.10.,"[갤럭시 언팩] 삼성전자 ""폴더블·웨어러블 신제품에 재활용 소재 적용 대폭 ..."
290,2022.08.10.,"삼성전자, '갤럭시 워치5·워치5 프로' 공개…""온도 센서 첫 부착"""
291,2022.08.10.,"‘가장 가벼운 폴더블폰’ 삼성전자, 갤폴드4·갤플립4 공개 [갤럭시언팩 202..."
292,2022.08.10.,"갤럭시워치5, ‘바이오액티브’로 건강 관리 기능 강화…26일 출시 [갤럭시 언..."
293,2022.08.10.,"삼성화재, '전기차 이동충전서비스' 제주도 시범 운영"
294,2022.08.10.,"[갤럭시 언팩 2022] 워치5, 아웃도어 활동에 최적화...체온측정도"
295,2022.08.10.,"삼성전자, '갤럭시 Z플립4·Z폴드4' 전격 공개…""개인에 최적화된 경험 선사"""
296,2022.08.10.,"한국조선해양, 2조 규모 LNG선 7척 수주"
297,2022.08.10.,"삼성, 15% 작아졌지만 귀는 더 호강하는 '갤버즈2 프로' 공개"
298,2022.08.10.,삼성전자 ‘갤럭시Z폴드4’ 공개… 멀티태스킹 경험 확장
299,2022.08.10.,"갤럭시Z플립4, 배터리 커졌다...가격·색상·사전예약·사은품 공개"
300,2022.08.11.,"尹, 광복절 특사 이명박·김경수 제외 유력…이재용 복권 가능성 높아"
301,2022.08.11.,내일 광복절 특별사면 발표…MB·김경수 제외될 듯
302,2022.08.11.,"尹대통령, 'MB·김경수 제외' 사면 단행한다... 이재용 복권"
303,2022.08.11.,[역사속 아시아·8.12·백중] 금융실명제 발표(1993)·앙드레김 별세(2010)·...
304,2022.08.11.,"산업부 ""美 당국에 전기차 보조금 요건 완화 요청"""
305,2022.08.11.,"尹대통령, 'MB·김경수 제외' 사면 단행한다…이재용 복권"
306,2022.08.11.,'중기 숙원' 납품대금 연동제 내달 시범운영
307,2022.08.11.,"4대 그룹 등 대기업, 폭우 피해지역에 지원… 성금 기탁 이어져"
308,2022.08.11.,"한국조선해양, 올해 수 주목표 조기 달성…7월까지 102%"
309,2022.08.11.,"'신용수 홈스틸' 롯데, 키움 또 잡았다…NC, 6위 두산 0.5G차 추격(종합)"
310,2022.08.11.,‘중부 물폭탄 피해’ 특별재난지역 추진… 생계비 지원
311,2022.08.11.,"SK에코플랜트, 프리미엄 주택 브랜드 '드파인' 출시"
312,2022.08.11.,[자막뉴스] 갤럭시 'z플립4' 드디어 공개...얼마나 달라졌을까?
313,2022.08.11.,"""제일모직 가치, 인위적 조정 없었다""… 삼성물산 합병의혹 공판서 진술 번복"
314,2022.08.11.,"터크먼과 피렐라가 보여준 센스, 신용수는 기억했다…단독 홈스틸 뒷얘기"
315,2022.08.11.,"[11일 경기종합] 70승 눈앞에 둔 SSG, 한유섬 홈런 2방 앞세워 4연승…NC도 두..."
316,2022.08.11.,"'신용수 홈스틸-반즈 무실점 호투' 롯데, 키움에 이틀연속 승리"
317,2022.08.11.,8월 들어 2승 오승환 “믿음 보답 위해 더 힘내서 던지고 있다”
318,2022.08.11.,"김경수, 사면 명단서 빠졌다… 12일 임시국무회의서 확정"
319,2022.08.11.,[KBO 내일의 선발투수]8월12일(금)
320,2022.08.11.,"[실적분석] 증권사, 금리 인상에 울고 웃고...미래에셋·현대차 선방"
321,2022.08.11.,"'4연승' SSG, 2위 LG와 9경기 차…롯데 후반기 첫 위닝시리즈(종합)"
322,2022.08.11.,후반기 부진 길었던 마티니…위닝시리즈 확정타로 활짝 웃었다 [잠실 스타]
323,2022.08.11.,"올시즌 첫 멀티홈런 한유섬, SSG 10연속 위닝시리즈 이끌어[SS문학in]"
324,2022.08.11.,[봉사활동의 정치학] 봉사활동 나서는 與 의원들...김성원 '실언' 논란
325,2022.08.11.,"이찬원 '찬또야 어디가 7편', 천국으로 초대하는 힐링바베큐 파티 ″힐링엔 역..."
326,2022.08.11.,"SSG, 한유섬 홈런 2방 앞세워 4연승…NC도 두산 꺾고 4연승(종합)"
327,2022.08.11.,"폭우 피해 이재민, 공공주택 임시 거주방안 추진"
328,2022.08.11.,"대영전자 계열 5사, 한꺼번에 대구 온다"
329,2022.08.11.,"[종합] 이재용·최태원·정의선·구광모 등 경제계, 수해복구 성금 110억원....."
330,2022.08.12.,"[12일 경기종합] '김현수·가르시아 홈런' 2위 LG, 3연승 신바람…3위 키움 5..."
331,2022.08.12.,"홍준표, 광복절 특사에 ""사면은 이벤트, 검찰 잣대 밋밋"""
332,2022.08.12.,"롯데, 4년 만에 키움 3연전 싹쓸이…두산, NC 꺾고 3연패 탈출(종합)"
333,2022.08.12.,"롯데, 4년여 만에 키움 3연전 싹쓸이...키움 5연패 수렁"
334,2022.08.12.,"이재용 복권, 신동빈 사면…여론 부담에 MB·김경수는 제외"
335,2022.08.12.,"'김현수·가르시아 홈런' 2위 LG, 3연승 신바람…3위 키움 5연패(종합)"
336,2022.08.12.,"[마감] 삼성전자, 이재용 특별사면 6만원선 회복...SK바이오사이언스, 빌 게이..."
337,2022.08.12.,"‘삼세판 성공’ 원태인, 양현종 선발 맞대결 판정승 [오!쎈 대구]"
338,2022.08.12.,"롯데, 키움전 싹쓸이로 7위 도약…KT 고영표는 11승째(종합)"
339,2022.08.12.,"박진만 감독 대행, ""베테랑 선수들의 활약이 돋보였다"" [오!쎈 대구]"
340,2022.08.12.,"'알포드 선제포, 신본기 쐐기포에 고영표 개인최다승 타이' kt, 최다승 폰트 ..."
341,2022.08.12.,"[포토] 이재용 삼성전자 부회장, 광복절 특사 명단 포함"
342,2022.08.12.,"롯데, 4년 만에 키움에 스윕승…LG는 한화에 역전승(종합)"
343,2022.08.12.,두산 스탁 7이닝 1실점 호투 강승호 대타 홈런 NC에 설욕
344,2022.08.12.,"정옥임 ""이준석 본인에게도 책임 있어...당 대표보다 평론가처럼 보여"""
345,2022.08.12.,"청소년자람터 오늘, 영광군 문화관광 9경 메타버스 맵 제작"
346,2022.08.12.,[프로야구] 13일 선발투수 예고
347,2022.08.12.,[프로야구] 전적 종합(12일)
348,2022.08.12.,"음성군보건소-농협-새마을금고, 자살예방홍보사업 추진"
349,2022.08.12.,MSCI 지수에서 SK텔레콤 제외...카카오페이 편입 불발
350,2022.08.12.,[KBO 내일의 선발투수]8월13일(토)
351,2022.08.12.,[포토] 대구야구장에서 국기에 대해 경례하는 홍준표 대구광역시장
352,2022.08.12.,"[사설] 기업인 위주 광복절 특사, 민생과 경제 살리는 계기 돼야"
353,2022.08.12.,"[프로야구] 12일 프로야구, 롯데 키움에 4대1 승 순위 7위로...프로야구 순위"
354,2022.08.12.,"롯데, 4년 만에 키움전 싹쓸이... 삼성은 KIA 제압"
355,2022.08.12.,"'광복절 특별사면' 이재용 부회장 ""지속적인 투자와 청년 일자리 창출 약속"""
356,2022.08.12.,[포토] 대구야구장에서 수상자와 축하하는 홍준표 대구광역시장
357,2022.08.12.,"몰골 처참한 페라리·벤츠…서울대공원 가득 메웠다, 무슨일"
358,2022.08.12.,"'복권'에 부담 커진 이재용 부회장...""풀어야 할 숙제 산적"""
359,2022.08.12.,[포토] 삼성 라이온즈·기아 타이거즈의 야구경기 시상하는 홍준표 대구광역시...
360,2022.08.13.,"가을야구 이변은 있다? 없다?…상위권팀 승리, 하위권팀 패배"
361,2022.08.13.,"키움, 이정후 멀티홈런 등 홈런 4발로 한화 누르고 아홉수 5연패 벗어나…KIA..."
362,2022.08.13.,"'이의리 7이닝 무실점·최형우 결승타' KIA, 롯데전 5연승"
363,2022.08.13.,"尹정부 첫 특별사면, 이명박·김경수 빠졌다…이재용은 복권"
364,2022.08.13.,"키움, 이정후의 데뷔후 첫 전구단 상대 홈런포 앞세워 5연패 탈출…'돌아온 핵..."
365,2022.08.13.,[22트리플잼]’2점슛 콘테스트 우승자' 숭실대 황희정의 최애 선수는?
366,2022.08.13.,3년 만에 울산서 프로야구…다음 달 6~7일 롯데 대 기아
367,2022.08.13.,"""아이폰 쓰는 MZ 홀리겠네""…'갤Z플립4' 2030 취향저격 이유 [배성수의 다다I..."
368,2022.08.13.,"[22트리플잼]치열했던 8강 끝에 살아남은 4팀, ‘서울,연세,경희,숭실’"
369,2022.08.13.,"[22트리플잼] '최지원 MVP' 연세대 Miss-B, 트리플잼 대학최강전 우승"
370,2022.08.13.,"""이재용, 참 지혜롭더라""…고깃집서 준 '팁' 얼마길래"
371,2022.08.13.,"이재용 부회장, 부산 고깃집 종업원에 건넨 팁 얼마?"
372,2022.08.13.,"'박종훈 복귀 첫 승' SSG, 70승 선착… 키움은 5연패 탈출"
373,2022.08.13.,"""야!"" 감독대행-코치 더그아웃서 충돌?... 논란 진실 밝혀졌다 [★수원]"
374,2022.08.13.,"연세대 MISS-B, WKBL 3x3 트리플잼 대학 최강전 우승"
375,2022.08.13.,"kt 위즈, 삼성 라이온즈에 8-1 대승"
376,2022.08.13.,"SSG, 70승도 선착…박종훈, 생일 자축하는 수술 후 첫 승리(종합)"
377,2022.08.13.,"[트리플잼] ‘캡틴’ 최지원이 주도한 연세대, 3X3 트리플잼 대학최강전 우승"
378,2022.08.13.,"도(道) 넘은 이준석…""대통령‧원내대표 권력자에 씹어 돌림 당했다"""
379,2022.08.13.,"선두 SSG, 70승 선착…'이정후 홈런 두 방' 키움 5연패 탈출(종합)"
380,2022.08.13.,"[프로야구] 13일 프로야구, KIA 롯데에 9대0 승, SSG 랜더스 70승...프로야구..."
381,2022.08.13.,"고기집에 '팁' 쏜 이재용 부회장…""역시 다르네"""
382,2022.08.13.,"도(道) 넘은 이준석…""대통령‧원내대표 권력자에 씹어 돌림 당했다"""
383,2022.08.13.,[아주경제 오늘의 뉴스 종합] 부·울·경서 압승 거둔 이재명...누적 득표 74...
384,2022.08.13.,"""역시 다르더라""…부산 고깃집 간 이재용, 식당 종업원에게 준 팁 액수가"
385,2022.08.13.,"'이정후 홈런 2방' 키움, 5연패 탈출…SSG 70승 선착(종합)"
386,2022.08.13.,중기업계 숙원 ‘납품대금 연동제’ 다음달부터 시범 운영
387,2022.08.13.,"‘윤핵관’ 지목된 이철규 “이준석 지구 떠나면, 호남 출마하겠다”"
388,2022.08.13.,"'이의리 7이닝 무실점·최형우 결승타' KIA, 롯데전 5연승"
389,2022.08.13.,[프로야구] 14일 선발투수 예고
390,2022.08.14.,타임스퀘어 이어 서울·도쿄까지 물든인 '갤럭시Z플립4 X BTS'의 보라 퍼플
391,2022.08.14.,"[K리그1] 권완규, '유니폼 당기지마!'"
392,2022.08.14.,[K리그1] 선방하는 최필수
393,2022.08.14.,"[K리그1] 전진우-심동운, '양보없는 볼다툼'"
394,2022.08.14.,"[K리그1] 오현규, '두 번째 골 폭발'"
395,2022.08.14.,[K리그1] 두 번째 골 넣고 환호하는 오현규
396,2022.08.14.,"[K리그1] 권완규-전진우, '치열한 공중볼 다툼'"
397,2022.08.14.,"NC, 3년차 김태경 데뷔 첫 2연승투에 노진혁 쐐기 3점포로 LG 덜미 잡아…롯데..."
398,2022.08.14.,"'최정 결승포·전의산 140m 최장거리포' SSG, 두산 꺾고 선두 질주"
399,2022.08.14.,"수원 삼성, 경기도 라이벌 성남FC에 4-1 대승"
400,2022.08.14.,눈물 쏟은 이준석...잠행 36일 만에 공개 기자회견
401,2022.08.14.,"'갤럭시 Z 플립4 X BTS', 서울∙도쿄 '보라 퍼플'로 물들이다"
402,2022.08.14.,"'히어로즈의 히어로' 이정후, 2게임 연속 9회 쐐기포로 키움, 5연패 뒤 2연승..."
403,2022.08.14.,보험사 직원 보험사기 가담자 경찰 수사 의뢰...가입자와 짜고 허위 서류 꾸며
404,2022.08.14.,"삼성, ‘갤럭시 Z 플립4 X BTS’ 영상으로 서울·도쿄를 '보라 퍼플'로 물들이..."
405,2022.08.14.,"kt 위즈, 심우준 역전 끝내기 안타로 삼성에 3-2 역전승"
406,2022.08.14.,"'승리의 파랑새'전진우""수원삼성은 이위치에 있으면 안돼""[K리그1 현장 일문일..."
407,2022.08.14.,수원의 절박함이 더 통했다…‘4골 폭죽’ 쏘며 10위 도약
408,2022.08.14.,"백정현, 잘 던졌는데…또 날아가버린 ‘첫승’"
409,2022.08.14.,"수원 삼성 전진우 ""팀 이기면 잠 별로 못 자도 다음날 기분 좋아"""
410,2022.08.14.,이병근 수원 감독 “팬들의 응원이 승리를 불렀다” [K리그]
411,2022.08.14.,"[케터뷰] 헤딩 약점 극복한 오현규 ""신체 어느 부위로 넣든 골은 다 좋아!"""
412,2022.08.14.,"KT 강백호, 18일 롯데전 합류...15일 퓨처스리그 출전"
413,2022.08.14.,"70승 선착 SSG, '와이어 투 와이어' 우승 가능성 ↑...사상 최초 100승 달성도..."
414,2022.08.14.,"'수원삼성 투혼유스'오현규""골,언젠가 터진다고 믿고 있었다""[K리그1 현장 일..."
415,2022.08.14.,"[K리그1] 고명석, '헤더 선제골'"
416,2022.08.14.,"[K리그1] 류승우, '강력한 태클'"
417,2022.08.14.,[K리그1] 선제골 넣고 포효하는 고명석
418,2022.08.14.,[K리그1] 작전 지시하는 이병근 감독
419,2022.08.14.,수원이 더 간절했다 [K리그]
420,2022.08.15.,"삼성전자, 22일까지 갤Z 플립4·폴드4 사전 판매 실시"
421,2022.08.15.,11번가 '라방' 신화 썼던 삼성 갤럭시...Z시리즈 폴드-플립으로 흥행 이어간다
422,2022.08.15.,"통신사별 '각양각색'…삼성전자, 갤Z플립4 'Gen Z폰' 출시"
423,2022.08.15.,한정 판매로 대기열까지! '2022 보드게임콘' 성황리 종료
424,2022.08.15.,16일 삼성 준법감시위… 지배구조 개편 논의 촉각
425,2022.08.15.,"서울 온 빌 게이츠, 이재용·최태원보다 尹 먼저 만나는 이유"
426,2022.08.15.,"[종합]윤석열 대통령 지지율 여론조사 결과, KBS·MBC '나란히 28%대'"
427,2022.08.15.,불꽃 레이스 이대호 ‘마지막 소원’ 하나
428,2022.08.15.,"韓조선, LNG운반선 겹호재로 실적개선 기대"
429,2022.08.15.,"[아주경제 오늘의 뉴스 종합] 尹대통령 ""北, '실질적 비핵화'시 경제‧민생 획..."
430,2022.08.15.,"尹대통령 국정지지 28%대…유권자 3분의2 ""잘못하고 있다""[KBS·MBC](종합)"
431,2022.08.15.,오늘의 부고 - 2022년 8월 16일
432,2022.08.15.,"이준석 ""尹 성적 25점""...취임 100일 앞두고 '난타전'"
433,2022.08.15.,‘MVP 춘추전국’ 동료들의 추천을 받았습니다!
434,2022.08.15.,베어마켓 랠리 속 개인만 나홀로 ‘마이너스’
435,2022.08.15.,김경수 ‘광복절 특사’ 제외… 정치인 사면 부정여론 부담된 듯
436,2022.08.15.,‘갤럭시 Z플립4·폴드4’ 16일부터 22일까지 사전 예약
437,2022.08.15.,"힌지 얇아지고 배터리 용량 개선, 거슬리던 것 사라져 ‘탐난다’"
438,2022.08.15.,[미리보는 이데일리 신문]쪼그라든 K건설 ‘원 팀’만이 살 길
439,2022.08.15.,소아크론병 치료효과 높이는 치료약물모니터링 발표…학계 관심
440,2022.08.15.,국힘 내분 책임은…윤핵관 35.5% 尹 28.6% 이준석 22.5%[코리아리서치]
441,2022.08.15.,"원주시, 지역 맞춤형 특례 발굴"
442,2022.08.15.,"취임 100일 앞 尹 지지율 `28%대` 잇따라…與지지층, 내분 책임 ""이준석"" 46...."
443,2022.08.15.,"반등장서 개미 '헛손질'…기관, 외국인 '적시타'"
444,2022.08.15.,"삼성화재 다이렉트, 운전자보험 가입 고객 40만명 돌파"
445,2022.08.15.,삼성전자 '갤럭시 Z 폴드·플립 4' 오늘부터 사전 판매
446,2022.08.15.,"삼성전자, 갤럭시 플립4·폴드4 예약 판매 돌입"
447,2022.08.15.,"[기자의 눈]NFT, 이게 정말 최선인가요"
448,2022.08.15.,尹대통령 지지율 28%…국정운영 전망도 '못할 것' 59.3%
449,2022.08.15.,"이철우""사면 기업인들 지방에 대폭 투자를"""
450,2022.08.16.,"[증권소식] 정일문, 상반기 51억원 금융권 '연봉킹'/오픈엣지, 증권신고서 제..."
451,2022.08.16.,[유통이슈] 동원F&B ‘간편요리 KIT’ 2종 출시 外
452,2022.08.16.,"[유통이슈] 쿠팡, ‘갤럭시 Z 폴드4·Z 플립4·워치5·버즈2프로’ 사전 판매..."
453,2022.08.16.,카카오 조수용·여민수 상반기 보수 300억대...신동빈 102억
454,2022.08.16.,"이재준 수원시장, 을지연습 연계 통합방위협의회 처음으로 주재해"
455,2022.08.16.,[유통이슈] 위메프 ‘4세대 갤럭시 Z 시리즈’ 자급제폰 사전 실시 外
456,2022.08.16.,상반기 금융권 연봉킹 정일문 한투증권 대표…50억8900만원 수령
457,2022.08.16.,호우피해 차량 1만대도 넘었다
458,2022.08.16.,"'2년 연속 30세이브' LG 마무리, ""가을야구 준비하는 마음으로 던진다"" [잠실..."
459,2022.08.16.,"""4번타자 채은성 크나큰 무게감 보여줬다"" 감독의 칭찬[승장 코멘트]"
460,2022.08.16.,"삼성모니터 최대 28% 할인··· 큐소닉, 위메프서 '삼성 브랜드 위크' 진행"
461,2022.08.16.,"‘안우진도 역부족’ 키움, 3위 자리도 위태롭다"
462,2022.08.16.,"[유통이슈] 마켓컬리, 한정 수량으로 갤럭시 사전예약 판매 실시 外"
463,2022.08.16.,"""신인왕 경쟁 부담감 컸을 것"" '10일 이상 재정비' 김현준도 예외 아니었다"
464,2022.08.16.,"CJ대한통운 건설부문, 폐수처리장 공사 수주"
465,2022.08.16.,‘외국인 투수 맞대결’ LG 플럿코가 웃었다
466,2022.08.16.,"kt, 황재균 동점타에 배정대 끝내기로 3위 키움에 3게임차 육박…'플럿코 12승..."
467,2022.08.16.,"'뒤꿈치 마무리에 환상 칩슛까지' 양현준, 7월 최고 퍼포먼스 뽐냈다"
468,2022.08.16.,"삼성SDI, 美·유럽에 연구소 설립…""R&D 역량 강화"""
469,2022.08.16.,"티맥스, 라이프 케어 플랫폼 '슈퍼앱' 슈퍼위크 2022서 공개"
470,2022.08.16.,"KKKKKKKKK, 삼성만 만나면 ‘닥터 K’가 된다 [오!쎈 잠실]"
471,2022.08.16.,"[16일 팀 순위]KT는 3위 키움에 끝내기 승리로 3게임차까지 좁혀, LG 삼성에 ..."
472,2022.08.16.,"[인터뷰]헤이키 벱살라이넨 ABB그룹 사장 ""포뮬러E 기술, 지속가능한 미래 핵..."
473,2022.08.16.,"배정대 끝내기 희생플라이로 4연승 kt, 키움에 3게임차로 따라붙어 3위 자리도..."
474,2022.08.16.,"""하프스윙 느낌으로 간결하게"" LG 4번 타자가 전진수비에 대처하는 법[SS스타..."
475,2022.08.16.,"4위 kt, 3위 키움에 9회말 끝내기 승리...3경기 차 추격"
476,2022.08.16.,"LG트윈스 외인 투수 플럿코 앞세워 승리, 삼성은 3연패 수렁 9위 탈출은 언제..."
477,2022.08.16.,"삼성에 강한 LG “플럿코, 리드 분위기 만들었다”"
478,2022.08.16.,"[마감] 현대모비스, 사업분할·자회사 신설 소식 '하락'...삼양식품, 호실적에..."
479,2022.08.16.,"쿠팡, '갤럭시 Z 폴드4·Z 플립4·워치5·버즈2프로' 사전 판매"
480,2022.08.17.,"장덕현 삼성전기 사장, 필리핀 산업부 장관 면담서 '2030부산 엑스포' 유치 지..."
481,2022.08.17.,"[증권소식] 거래소, 공매도 과열 종목 지정 확대/ TIGER ETF, 순자산 30조 돌..."
482,2022.08.17.,"[인사] 한미사이언스, 배경태 前 삼성전자 부사장 영입"
483,2022.08.17.,"HK이노엔, '컨디션 브랜드 데이' 개최 … 전소미 팬사인회 등"
484,2022.08.17.,"한미사이언스, 삼성전자 부사장 출신 배경태 부회장 영입"
485,2022.08.17.,"""팀이 이기기만 한다면…"" 전진우, K리그1 28라운드 MVP"
486,2022.08.17.,"삼성 라이프사이언스펀드, 美 약물전달체 개발사에 190억 투자"
487,2022.08.17.,[MD포토] 류지현 감독 'LG 오늘도 이겼다'
488,2022.08.17.,"“구글 통해 韓기업 달성한 편익, 19조원 넘는다”"
489,2022.08.17.,[MD포토] 김현수 '숨길 수 없는 승리의 기쁨'
490,2022.08.17.,"선발 조기 강판된 LG, '불펜 ERA 1위' 위용으로 거둔 1승 [ST스페셜]"
491,2022.08.17.,[MD포토] LG '신바람 2연승'
492,2022.08.17.,"한미사이언스, 배경태 전 삼성전자 부사장 영입"
493,2022.08.17.,"가르시아, LG 입단 후 첫 2경기 연속 멀티히트 ""자신감 회복"""
494,2022.08.17.,"'상승곡선' LG 가르시아 ""처음 너무 더워 질식할 뻔…잠실도 넘겨보겠다""[SS인..."
495,2022.08.17.,[MD포토] 오지환-고우석 '승리의 하이파이브'
496,2022.08.17.,"[IS 승장]류지현 감독 ""경기에 출전한 모든 선수가 MVP"""
497,2022.08.17.,"[MD포토] 김상수 '박해민, 우리만 만나면 왜이리 잘하는거야?'"
498,2022.08.17.,"LG 가르시아 ""적응하려 노력…자신감 커지고 있다"""
499,2022.08.17.,"[마감] 비덴트, 관리종목 지정에 '급락'...쌍방울, 역대 최저가 추락"
500,2022.08.17.,"尹대통령, 새 검찰총장에 이원석…18일 발표할듯"
501,2022.08.17.,"비만 동반한 갱년기 여성, 안면 홍조 ·야간 발한 증가"
502,2022.08.17.,[17일 경기종합] kt 3경기 연속 '끝내기'로 5연승…두산 8위 추락
503,2022.08.17.,"한미사이언스, 배경태 전 삼성전자 부사장 영입"
504,2022.08.17.,[MD포토] 박해민 '친정팀 삼성 울린 활약'
505,2022.08.17.,"[IS 스타]'2경기 연속 멀티 히트' 가르시아 ""변화구 많은 한국 야구, 적응하고..."
506,2022.08.17.,"'내일 1위와 맞대결' 류지현 감독, ""2회 역전 허용 후 선수들 눈빛이 독해졌다..."
507,2022.08.17.,"친절한 빵 아저씨, 브래드 피트의 코리아 레드카펫 룩 모음"
508,2022.08.17.,여름 과일 달콤한 추억…국내 최고 ‘장호원 복숭아’
509,2022.08.17.,[MD포토] 가르시아 'KBO리그 적응 완료'
510,2022.08.18.,"슈퍼레이스 5라운드, 21일 인제 스피디움에서 접전예고"
511,2022.08.18.,'유격수 출전 시 타율 0.375' 삼성 김상수는 유상수가 딱이야 [춘추 집중분석...
512,2022.08.18.,"'양의지 만루포 등 연장 11회 9득점' NC, KIA 잡고 4게임차로 다가서…'37번째..."
513,2022.08.18.,"이상일 용인시장, ""실리콘밸리 능가하는 반도체 도시 건설하겠다"""
514,2022.08.18.,삼성전자 “스마트싱스로 멀티 디바이스 경험하세요”
515,2022.08.18.,104일 만의 검찰총장 지명…‘친윤·안정’ 택했다
516,2022.08.18.,"두산, 키움 꺾고 3연패 끊어 브랜든 6이닝 1실점 시즌 2승째"
517,2022.08.18.,"[18일 경기종합] 팀 홈런 1위 LG, 홈런 4발로 SSG 제압…삼성 4연패 탈출"
518,2022.08.18.,"윤석열, 첫 검찰총장 지명자 이원석…광주 출신, 윤석열 사단 ‘특수통’"
519,2022.08.18.,"삼성증권 ETF, ETN 거래 투자자 하와이 여행 지원 이벤트 [투데이 마이머니]"
520,2022.08.18.,"팀 홈런 1위 LG, 대포 4발로 SSG 제압...삼성 4연패 탈출"
521,2022.08.18.,"두산, '불안한 3위' 키움을 3연패로…'홈런 4방' LG, SSG 격침(종합)"
522,2022.08.18.,"[프로야구] 18일 2위 LG 홈런 4방 SSG에 8대4 승, KIA 양현종 연장끝에 패......"
523,2022.08.18.,[KBO 내일의 선발투수]8월19(금)
524,2022.08.18.,"노태문 삼성전자 사장, 파나마 사업 현황 점검"
525,2022.08.18.,"삼성전자, 전국 15개 매장서 스마트싱스 체험존 운영"
526,2022.08.18.,삼성생명 “생명보험 고객 선호상품 1위는 건강보험”
527,2022.08.18.,"LG, 과기부 주최 ‘인공지능대학원 심포지엄’ 공동 주관"
528,2022.08.18.,"팀 홈런 1위 LG, 대포 4발로 SSG 제압…삼성 4연패 탈출(종합)"
529,2022.08.18.,"LG 가르시아, 좌우 모두 터졌다…연타석 홈런 ‘역대 5번째 진기록’"
530,2022.08.18.,[프로야구] 19일 선발투수 예고
531,2022.08.18.,[프로야구] 전적 종합(18일)
532,2022.08.18.,"'홈런 4개' LG, 선두 SSG 완파…PS 꿈꾸는 롯데·NC는 3연승(종합)"
533,2022.08.18.,"경북도, '중소벤처 기술개발 역량강화 지원 사업' 실효"
534,2022.08.18.,"2타점 결승타 NC 오영수 ""어떻게든 중심 맞추려고 했다"""
535,2022.08.18.,"바닥난 불펜진 살려낸 미래 에이스 ""무조건 이닝만 많이 먹으려 했어요""[SS인..."
536,2022.08.18.,"삼성, 22년 2분기 남미 스마트폰 시장 점유율 압도적 1위"
537,2022.08.18.,"추격의 적시 2루타, 하지만…, 기본 망각한 허무한 태그아웃→5연패 수렁"
538,2022.08.18.,"삼성전자, 세탁기 강화유리 폭발사고에 사과…무상수리 조치"
539,2022.08.18.,"이상일 용인시장, ""시민들의 바람은 한결 같이 살기 좋은 도시 만들어 달라는..."
540,2022.08.19.,"네이버 투자받은 블록체인 스타트업 DSRV LABS, ISO 국제표준 인증 획득"
541,2022.08.19.,"[체험기] 낫싱 폰1, 군더더기 없는 디자인에 '근본' 챙겼다"
542,2022.08.19.,"삼성화재 다이렉트 운전자보험, 40만 명 돌파"
543,2022.08.19.,최형우 동점포 · 이창진 끝내기…KIA 스리런 두 방으로 기사회생
544,2022.08.19.,시너통 들고 점거 농성은 노동운동 아닌 테러다
545,2022.08.19.,"'복권' 이재용, 20조원 투자로 화답…""세상에 없는 기술로 미래 만든다"""
546,2022.08.19.,[KBL유소년] 2022 KBL 유소년 클럽 농구대회 1일 차 마무리(종합)
547,2022.08.19.,[19일 경기종합] 최형우 동점포·이창진 끝내기…KIA 스리런 두 방으로 기사회...
548,2022.08.19.,"[JB포토] 2022 KBL 유소년 클럽 농구대회, 삼성 U18 강민성 '수비 한명쯤이야..."
549,2022.08.19.,"KT, 3위 키움 1.5경기 차 추격…KIA, 10회 연장 역전승"
550,2022.08.19.,"조용호, 통산 2호 홈런이 역전 결승포...kt, 3위 1.5경기 차 추격"
551,2022.08.19.,"'이창진 연장 끝내기 스리런' KIA, NC에 12-9 승리"
552,2022.08.19.,최형우 동점포·이창진 끝내기…KIA 스리런 두 방으로 기사회생(종합)
553,2022.08.19.,"장군멍군 5위 경쟁, 오늘은 혈투 끝 KIA가 웃었다…KT·삼성도 승리"
554,2022.08.19.,애매했던 삼구삼진→역사적인 3점포로 되갚은 최형우
555,2022.08.19.,"박진만 감독 대행, ""최하늘, 팀 위기 속 최고 피칭 선보였다"" [오!쎈 대전]"
556,2022.08.19.,"""김종수 상대로 안타 친 기억이 없는데…"" 데이터 무력화한 이원석 한 방 [춘..."
557,2022.08.19.,"[JB포토] 2022 KBL 유소년 클럽 농구대회, 삼성 U18 박범영 '덩크슛 시도'"
558,2022.08.19.,"이재용, 복권 후 첫 행보는 반도체 챙기기 ""세상에 없는 기술로 미래 만들자"""
559,2022.08.19.,"이제 치킨 3만원의 시대, 소비자들에게 반값 치킨을 허하라"
560,2022.08.19.,[KBO 내일의 선발투수]8월20일(토)
561,2022.08.19.,"KT, 롯데에 역전승…KIA 이창진 끝내기 홈런(종합)"
562,2022.08.19.,[프로야구] 20일 선발투수 예고
563,2022.08.19.,[프로야구] 전적 종합(19일)
564,2022.08.19.,"KIA, NC에 대역전극…이창진, 연장 10회 끝내기 3점포(종합)"
565,2022.08.19.,"삼성전자, 드럼세탁기 사고 공식 사과"
566,2022.08.19.,확실히 느껴진 박지수 부재
567,2022.08.19.,[프로야구 대전전적] 삼성 9-5 한화
568,2022.08.19.,"'최하늘 데뷔 첫 승+6회 빅이닝' 삼성, 한화 꺾고 2연승 질주"
569,2022.08.19.,"""점점 자신감이 생긴다"" 뷰캐넌도 원태인도 없는데…, 선발붕괴 속 빛난 대체..."
570,2022.08.20.,[PRESS] '지속 가능한' 마케팅을 위하여 - 브랜드 마케터로 일하고 있습니다
571,2022.08.20.,"[슈퍼레이스 5R] 한국아트라스BX 조항우, 시즌 첫 폴포지션"
572,2022.08.20.,[슈퍼6000 클래스 5R] 한국타이어 장착 선수들의 레이스
573,2022.08.20.,"[JB화보] 2022 KBL 유소년 클럽 농구대회 2일차, DB와 삼성 U15 경기 화보"
574,2022.08.20.,"[JB화보] 2022 KBL 유소년 클럽 농구대회 2일차, DB와 삼성 U12 경기 화보"
575,2022.08.20.,"[프로야구] 20일 KIA 타이거즈 KT에 승, LG 4연승, 키움 4연패...프로야구 순..."
576,2022.08.20.,"위기에서 연패 막은 허용준, 동점포로 지켜낸 '3위'"
577,2022.08.20.,"조항우, 슈퍼레이스 5라운드 예선 1위...시즌 첫 우승 도전"
578,2022.08.20.,"김승대 40-40 달성…프로축구 포항, 인천과 1대 1 무승부"
579,2022.08.20.,"김승대 40-40 달성…프로축구 포항, 인천과 1-1 무승부"
580,2022.08.20.,"[b11 현장] '2번째 2연승' 이병근 감독, ""사력을 다해 뛰어달라 했는데 잘해줬..."
581,2022.08.20.,"프로야구 LG, 두산 제압... 8년 만에 상대 전적 우위 확정"
582,2022.08.20.,"[b11 현장] 아쉬움 밝힌 남기일 감독, ""수원이 잘했기보단 우리 실수가 컸다"""
583,2022.08.20.,"선두 SSG, '장단 19안타' 키움 마운드 맹폭...2연패 탈출"
584,2022.08.20.,"'켈리 13승' LG, 두산 6-1 제압…8년 만에 시즌 상대 전적 우위 확정(종합)"
585,2022.08.20.,게임모니터가 “헉 340만원”… 65인치 초고화질 TV보다 비싸
586,2022.08.20.,"'허용준 10호골 기록' 포항, 인천과 1-1 무승부"
587,2022.08.20.,"LG, 8년 만에 두산전 우위 확보…KIA는 2연승(종합)"
588,2022.08.20.,[K리그1] 전적 종합(20일)
589,2022.08.20.,"포항, 인천과 1-1 무승부…'류승우 결승골' 수원, 제주 원정서 승리(종합)"
590,2022.08.20.,[K리그1] 전적 종합(20일)
591,2022.08.20.,"[KBL유소년] 이제부터는 단판 승부, 양구 대회 예선 모두 마쳐…20팀 생존"
592,2022.08.20.,"2연승 달린 수원, 제주 꺾고 9위로 강등권 탈출"
593,2022.08.20.,"김승대 40-40 달성…프로축구 포항, 인천과 1-1 무승부(종합)"
594,2022.08.20.,[부고] 조우경(HDC현대산업개발 홍보팀 부장)씨 부친상
595,2022.08.20.,"4연승 LG, 4연패 키움 따돌리고 2위 굳히기…KIA 수원 4연패 끝(종합)"
596,2022.08.20.,"'먹거리 효자' K반도체, 미중 고래싸움에 등 터질까 [탐사보도 뉴스프리즘]"
597,2022.08.20.,"[JB화보] 2022 KBL 유소년 클럽 농구대회 2일차, DB와 삼성 U11 경기 화보"
598,2022.08.20.,"'허용준 10호골' 포항, 인천과 1-1 무승부…김승대 22번째 40-40(종합)"
599,2022.08.20.,"LG, 드디어 '곰 징크스' 깼다...8년 만에 상대전적 우위"
600,2022.08.21.,2023 세계선수권 기준기록…남자 높이뛰기 2ｍ32·100ｍ 10초00
601,2022.08.21.,[S포토] '굉음과 함께 출발하는 삼성화재 6000 클래스 결승전~' (슈퍼레이스)
602,2022.08.21.,[S포토] '곡선 주로도 부드럽게~' (슈퍼레이스)
603,2022.08.21.,[S포토] '트랙을 바람처럼 달리는 조항우 선수~' (슈퍼레이스)
604,2022.08.21.,[S포토] '선두권 차량들의 진검승부~' (슈퍼레이스)
605,2022.08.21.,"[S포토] 조항우, '타이어 자국 가득한 트랙 질주 ~' (슈퍼레이스)"
606,2022.08.21.,"'모리만도 7이닝 무실점' 선두 SSG, 2연패 뒤 2연승"
607,2022.08.21.,[S포토] '선두로 질주 중인 조항우 선수~' (슈퍼레이스)
608,2022.08.21.,"""맞아도 멀리 안 나간다""…후반기 ERA 2.53, 비결은 자신감 [잠실 인터뷰]"
609,2022.08.21.,"슈퍼레이스 5라운드, '조항우' 시즌 첫 우승"
610,2022.08.21.,美 인플레이션 감축법…기업 희비 엇갈려
611,2022.08.21.,"[프로야구] 21일 키움 5연패, NC 삼성 꺾고 5위 KIA 추격...프로야구 순위"
612,2022.08.21.,"슈퍼레이스 후반기 첫 대회서 조항우, 시즌 첫 우승"
613,2022.08.21.,"[미리보는 이데일리 신문] “韓 금리 인상, 연말 3% 고점 찍고 멈출 것”"
614,2022.08.21.,"'4위 kt는 3위 키움에 0.5게임차, 6위 NC는 5위 KIA에 4.5게암차' 자리바꿈 가..."
615,2022.08.21.,이재용 복권 첫 행보 반도체 태동지 간 까닭은[재계 블로그]
616,2022.08.21.,모리만도의 ‘환상투’…안우진 역투 지웠다
617,2022.08.21.,"슈퍼레이스 챔피언십 5R 성료…조항우, 삼성화재 6000 클래스 우승"
618,2022.08.21.,"KT, 3위 키움 0.5경기 차 추격…NC, 구창모 복귀전 6-2 승"
619,2022.08.21.,부산엑스포 유치 지원 나선 SKT·삼성전자[포토뉴스]
620,2022.08.21.,"대중 수출 반도체 비중, 20년 새 ‘12배’"
621,2022.08.21.,난제 산적한 '尹 사단' 이원석...'최고난도' 역시 檢 중립성
622,2022.08.21.,"구창모, 부상 복귀전 승리…NC, 삼성 꺾고 5위 KIA 추격"
623,2022.08.21.,‘차세대 반도체’ 선도 기업 찾은 구미시장
624,2022.08.21.,노동을 읽어드립니다(2022/08/21)
625,2022.08.21.,21일 kt위즈파크를 지배한 남자 황재균 [MK수원]
626,2022.08.21.,'리쇼어링' 열풍에 미국 일자리 35만개 ↑...한국이 기여도 1위
627,2022.08.21.,두산 99년생 동기들 LG전 5연패 끊었다
628,2022.08.21.,"NC, 완벽한 투·타 조합…삼성 제압"
629,2022.08.21.,"""조선업 생산인력 확충·저탄소선박 기술개발 지원"""
630,2022.08.22.,"수원시, '공무원 비상소집명령' 발령으로 을지연습 본격 돌입"
631,2022.08.22.,"[증권소식] 한투운용 ""TDF알아서2050 UH, 2년 수익률 1위""/컬리-골프존카운티..."
632,2022.08.22.,"인천 대한항공, '통합우승' 상승세 유지 도드람컵 배구 서전 승리"
633,2022.08.22.,"[마감] 쏘카-대성하이텍, 상장 첫날 엇갈린 주가...코스닥, 2.25% 하락"
634,2022.08.22.,"홈트레이닝, 증강현실(AR) 접목…효과 및 안전성 확인"
635,2022.08.22.,삼성 ‘유리문 깨짐 사고’ 세탁기 무상 수리
636,2022.08.22.,"[ESG경영] 김태현 예보 사장 ""국가와 국민의 금융안정 위해 노력하겠다"""
637,2022.08.22.,"남자배구 삼성화재, 상무 꺾고 컵대회 첫 승"
638,2022.08.22.,대·중소기업 상생협력 구매상담회 참가 업체 모집
639,2022.08.22.,올해의 철인은 누구? 배정대는 400G 돌파. 나성범은 전경기 선발 출전 도전중...
640,2022.08.22.,"'통합우승' 대한항공, 컵대회 1차전 승리…정지석 17득점 활약"
641,2022.08.22.,취향 저격하고 에너지 효율 높이고…삼성·LG ‘K가전’ 유럽시장 공략
642,2022.08.22.,"‘1스마트폰 2번호’ e심, 이동통신 시장 흔드나"
643,2022.08.22.,대·중소기업 상생협력 구매상담회 참가업체 26일까지 모집
644,2022.08.22.,"중국 1위 가정용 빔프로젝터 '엑스지미', KITAS 2022 참가"
645,2022.08.22.,오늘의 부고 - 2022년 8월 23일
646,2022.08.22.,'2022 서울 팝콘 써밋' (PCCN Summit 2022) 개최
647,2022.08.22.,“첨단산업 메카 넘어 문화예술 도시 거듭날 것” [민선8기 단체장에 듣는다]
648,2022.08.22.,‘원전 테러·드론 공격’ 실전처럼 대비… 한미 야외훈련 4년만에 정상화
649,2022.08.22.,골프 빠진 MZ세대 사로잡더니…두 달 만에 매출 20억 '대박'
650,2022.08.22.,‘힐스테이트 칠성 더오페라’ 견본주택 오픈
651,2022.08.22.,"불타는 8월 공룡, 5강 ‘의지’ 활~활"
652,2022.08.22.,"(주)수, 인도에 1억원 규모 ‘119제품시리즈’ 수출"
653,2022.08.22.,"15년 만에 돌아온 김상우, 친정팀 삼성화재 사령탑 데뷔전 승리"
654,2022.08.22.,[경일시론]KAI의 지역 상생 적극적 대응을 기대한다
655,2022.08.22.,울산시 ‘대·중소기업 상생’ 구매상담회 연다
656,2022.08.22.,"삼성화재, 부부동반 가입형 운전자보험 선보인다"
657,2022.08.22.,"이준석 ""윤핵관 수사 개입 증언 나와…황당"""
658,2022.08.22.,환율 급등에 韓 증시 또 '털썩'
659,2022.08.22.,30년 만에 수출 160배↑…무역 ‘적자’ 전환
660,2022.08.23.,3전4기 '폴더블 승부' 통하나…갤럭시Z 사전 예약 '흥행'
661,2022.08.23.,"[단독] “개인연금 지원금, 통상임금 아냐”...삼성SDI, 1심 엎었다"
662,2022.08.23.,"[사진]손 밟히는 박성한,'걱정스러운 상황'"
663,2022.08.23.,"[사진]박성한 손목 밟은 수아레즈,'확인이 필요해'"
664,2022.08.23.,"[사진]박성한,'손목 상태 확인'"
665,2022.08.23.,"[2022 슈퍼레이스 5R] 서한빛-제바-소이-안나경, ""아트라스BX 시즌 우승 보여..."
666,2022.08.23.,"[사진]박성한,'아찔하게 밟힌 손'"
667,2022.08.23.,"[2022 슈퍼레이스 5R] 아트라스BX 조항우, '삼성화재 6000' 시즌 첫 우승"
668,2022.08.23.,쌍팔년도 올드카와 카체이싱을 담다. 넷플릭스 영화 '서울대작전' 제작보고회
669,2022.08.23.,"KT, 시즌 첫 3위 도약…롯데, NC 꺾고 6위 복귀(종합)"
670,2022.08.23.,삼성전자 폴드4·플립4 사전 판매 신기록
671,2022.08.23.,"""내가 못쳐서 미안해"" 4연속 QS만에 승리…파노니 깨운 간판스타의 진심 [인터..."
672,2022.08.23.,"서산시, 대산항 해운·항만 활성화 방안 논의"
673,2022.08.23.,"3나노 경쟁, TSMC가 삼성에 압승? 내달부터 애플. 인텔에 공급"
674,2022.08.23.,"""올해 반도체시장 성장률 13.9%...지난해 절반에 그쳐"""
675,2022.08.23.,"키움, 에이스 내고도 KIA에 대패하며 6연패"
676,2022.08.23.,"명지중 신준환의 롤모델 “NBA에선 제임스 하든, KBL에선…”"
677,2022.08.23.,삼성증권 '미국주식 주간거래' 누적 거래액 2조원 돌파
678,2022.08.23.,"KT, 마침내 3위 도약…키움은 3개월 만에 4위 추락(종합)"
679,2022.08.23.,상반기 대기업 재고자산 작년보다 50%↑
680,2022.08.23.,"'강백호 연장 11회 복귀 첫 결승 2루타' kt, 시즌 첫 3위에…'파노니 2게임 연..."
681,2022.08.23.,중학생 맞어? K리그U-15 챔피언십 영예의 우승은 금산중으로
682,2022.08.23.,"'강백호 연장 결승타' KT, 3위 도약…키움은 96일 만에 4위로(종합)"
683,2022.08.23.,"[프로야구] 23일 키움 6연패, 롯데 NC에 승리 6위 복귀...프로야구 순위"
684,2022.08.23.,"갤Z플립·폴드4, 예약 판매 97만대 '최대'...삼성 폴더블폰 '새 역사' 썼다"
685,2022.08.23.,KIA ‘난타쇼’에 고개 숙인 키움
686,2022.08.23.,"[23일 경기종합] kt, 시즌 첫 3위 상승…키움, 96일 만에 4위 강등"
687,2022.08.23.,"'마지막 신사' 조한승, 김채영 저지"
688,2022.08.23.,"시즌 첫 3위 도약! 이강철 감독 ""강백호, 역시 중요할 때 쳐줬다"""
689,2022.08.23.,"'3위 도약' 이강철 감독 ""상대 한 번의 실수 놓치지 않았다"""
690,2022.08.24.,"kt 위즈, 고영표 호투 앞세워 두산 꺾고 3연승 질주"
691,2022.08.24.,'대한항공ㆍ삼성화재' 나란히 2연승 거두며 준결승 진출 확정
692,2022.08.24.,[프로야구] 24일 키움-KIA 역전 재역전 6연패 탈출...프로야구 순위
693,2022.08.24.,지구 온난화를 막는 세계의 노력
694,2022.08.24.,전병우 9회 말 투아웃 역전 끝내기…키움 6연패 탈출
695,2022.08.24.,"삼성바이오로직스, 상반기 매출 11,627억…전년비 72.8%↑"
696,2022.08.24.,"키움, 9회말 끝내기 안타로 6연패 탈출"
697,2022.08.24.,"키움, KIA 꺾고 6연패 극적 탈출…KT, 고영표 역투로 3연승"
698,2022.08.24.,"[마감] 현대로템, K2흑표전차 수출 기대 '급등'...농심, 가격 인상에 '강세'"
699,2022.08.24.,"방통위, 이통3사 폴더블폰 판매 경쟁 과열에 주의 당부"
700,2022.08.24.,[24일 경기종합] 키움 전병우 9회말 투아웃 역전 끝내기안타... 6연패 탈출
701,2022.08.24.,"한국전력, 부채 규모 사실상 국내 기업 1위"
702,2022.08.24.,전병우 9회말 투아웃 역전 끝내기…키움 6연패 탈출(종합)
703,2022.08.24.,"이재용, '빈살만' 방한 앞두고 삼성엔지니어링 방문...'사우디 네옴시티' 건설..."
704,2022.08.24.,"'영웅'된 전병우 끝내기 안타 키움, KIA 꺾고 6연패 탈출"
705,2022.08.24.,"'전병우 끝내기' 키움, 천신만고 끝에 6연패 탈출…KT 3위 수성(종합)"
706,2022.08.24.,"'이대호 대타 홈런' 롯데, NC에 이틀 연속 승리…키움, 6연패 탈출(종합)"
707,2022.08.24.,"'전병우, 3차례 역전과 재역전에 마침표 찍는 끝내기안타' 키움, KIA 눌러 6연..."
708,2022.08.24.,'미카엘NFT' 내달 1일 발행
709,2022.08.24.,"염태영 경제부지사, ""미래차 산업, 글로벌 첨단산업으로 성장시키겠다""… 취임..."
710,2022.08.24.,"""한국조선해양이 인력 빼갔다""…삼성重 등 4개社 공정위 제소"
711,2022.08.24.,"4G 19실점 ERA 7.65, 승리 無…양현종의 가혹한 8월 [고척 리포트]"
712,2022.08.24.,"보험영업인 단체, ""빅테크 보험 플랫폼 진출은 생존권 위협"""
713,2022.08.24.,[KBO 내일의 선발투수]8월25일(목)
714,2022.08.24.,[프로야구] 25일 선발투수 예고
715,2022.08.24.,"신한카드, MZ세대에게 사랑받는 이유는 '혁신'"
716,2022.08.24.,[8월25일자] 비즈니스포스트 아침의 주요기사
717,2022.08.24.,[프로야구] 전적 종합(24일)
718,2022.08.24.,"""현대차·테슬라 경쟁 구도, 애플·삼성 같아"""
719,2022.08.24.,"대한항공·삼성화재, 2연승으로 컵대회 준결승 진출 확정(종합)"
720,2022.08.25.,‘한 휴대전화 두 번호’ 이심(eSIM) 다음 달 도입…특징은?
721,2022.08.25.,"한국, 유럽연합(EU)과 손잡고 미국 전기차 보조금 축소에 맞대응…9월초에 한..."
722,2022.08.25.,"'푸이그 그라운드홈런에 2타점 동점타, 이용규 밀어내기 볼넷' 키움, 5점차 뒤..."
723,2022.08.25.,[KBO 내일의 선발투수]8월26일(금)
724,2022.08.25.,"국토부 ""GTX-A·B노선, 2024년과 2030년 개통…차질 없이 추진"""
725,2022.08.25.,"'배정대 끝내기' KT, SSG 잡고 4연승…KIA 이의리 8승(종합)"
726,2022.08.25.,"[마감] LG이노텍, 테슬라에 1조원 협의 보도 '강세'...와이지엔터, 상승"
727,2022.08.25.,"KT, 선두 SSG 잡고 4연승 질주…키움, 6연패 탈출 뒤 2연승"
728,2022.08.25.,'5실점' 젊은 에이스 구한 4타점…이원석이 보여준 베테랑의 역할 [인터뷰]
729,2022.08.25.,'아이폰 사랑' 커지는 中…프리미엄 시장 점유율 46%
730,2022.08.25.,"[25일 경기종합] 3위 kt·4위 키움·5위 KIA, 나란히 극적 승리...순위싸움 가..."
731,2022.08.25.,"울산대병원, 기적의 항암제 'CAR-T세포 치료' 도입 착수"
732,2022.08.25.,"울산과학대, 반도체 공정실습으로 대기업 취업 성과 '톡톡'"
733,2022.08.25.,"車산업연합회, 美 인플레감축법 우려… ""한국산도 세제혜택 줘야"""
734,2022.08.25.,하청 만연한 조선업...62.3%로 6년 만에 최고
735,2022.08.25.,"은행권청년창업재단 디캠프, 데스커와 함께 100회차 디데이 양양 해변에서 개..."
736,2022.08.25.,"'소크라테스 슈퍼 캐치' KIA, LG 제압…KT는 SSG 5연승 저지(종합)"
737,2022.08.25.,"시각 장애인의 시력 복원을 돕는 ‘전자눈’ 개발기업 ‘셀리코’, 프리 A 투..."
738,2022.08.25.,황태규 MBN골드 매니저 공략주 [아진엑스텍(059120)]
739,2022.08.25.,[줄 서는 종목] 리오피닝 관련주 TOP5
740,2022.08.25.,"이의리 115개 선발 역투, 소크라테스 몸날린 ‘호수비’…KIA 살렸다"
741,2022.08.25.,"3위 kt·4위 키움·5위 KIA, 나란히 극적 승리…영웅들의 끝내기"
742,2022.08.25.,"'이의리 호투와 소크라테스 호수비' KIA, LG에 1대 0 승리"
743,2022.08.25.,[프로야구] 26일 선발투수 예고
744,2022.08.25.,[프로야구] 전적 종합(25일)
745,2022.08.25.,[프로야구] 25일 KT 배정대 10회 끝내기 역전 안타 1위 SSG 잡아...프로야구 ...
746,2022.08.25.,"이재용, 빌 게이츠 만나 ""삼성 기술로 인류 난제 해결하겠다"" 약속 지켜...'물..."
747,2022.08.25.,"LG전자, 다양한 가전업체의 자체 스마트홈 플랫폼 간 연동 위한 HCA에 합류"
748,2022.08.25.,"게임 맵 로딩 단 1초… 삼성, 게이밍 최적 고성능 SSD 공개"
749,2022.08.25.,"'종아리 타구강타→6이닝 5실점' 원태인 ""100% 컨디션 아니었다"" [부산코멘트..."
750,2022.08.26.,"안병길 의원, 파키스탄 대통령·상원부의장 등 최고위급 인사 직접 만나 부산..."
751,2022.08.26.,"삼성화재, 조별리그 3전 전승… 조 1위로 준결승行"
752,2022.08.26.,"[프로야구] 26일 KT 강백호-소형준 5연승, 롯데 이대호 만루홈런...프로야구 ..."
753,2022.08.26.,'이대호 만루포에 소름 쫙' 선발 자리잡은 나균안의 은인은? [인터뷰]
754,2022.08.26.,삼성화재 캡틴 고준용의 다짐 “꼭 결승 올라가겠다” [도드람컵]
755,2022.08.26.,삼성전자 '최고책임자' 이재용 부회장이 어머니와 함께 있을 때 듣는 '잔소리...
756,2022.08.26.,"코스피, 잭슨홀 앞두고 2480대 마감...원·달러 환율 3거래일째 ↓"
757,2022.08.26.,"상대 휴식 전략→셧아웃 승리…""부담스러웠던 경기"" [순천·도드람컵]"
758,2022.08.26.,"2개월 만에 홈런포 가동 강백호 ""공백 길었던 만큼 더 열심히"""
759,2022.08.26.,"""박수칠 때 떠나고파"" 어쩌면 이대호의 마지막 그랜드슬램일까 [인터뷰]"
760,2022.08.26.,부상 복귀 후 첫 홈런…강백호 “다시 감 잡았다”
761,2022.08.26.,"이대호 만루포 롯데, 삼성 꺾고 6위 지켜"
762,2022.08.26.,"'결승타·홈런 포함 3타점' 강백호 ""어제 부진 만회해서 다행"""
763,2022.08.26.,"KT, 선두 SSG 꺾고 5연승 질주…LG 켈리, 다승 단독 1위 등극"
764,2022.08.26.,"이대호 만루포…롯데, 5위 KIA 4게임 차 맹추격"
765,2022.08.26.,"KT, 연이틀 SSG 꺾고 파죽의 5연승…키움은 6연패 뒤 3연승(종합)"
766,2022.08.26.,'대러 제재'에 선박건조 차질…속타는 조선업계
767,2022.08.26.,"[26일 경기종합] 이대호 만루포 …롯데, 5위 KIA 4게임 차 맹추격"
768,2022.08.26.,"'이대호 결승 만루홈런' 롯데, 삼성 꺾고 가을야구 희망 살려"
769,2022.08.26.,[프로야구] 27일 선발투수 예고
770,2022.08.26.,[프로야구] 전적 종합(26일)
771,2022.08.26.,"kt, 강백호 부상 복귀 뒤 첫 홈런포 등 3홈런 앞세워 선두 SSG 연파하며 5연승..."
772,2022.08.26.,'원정 6연전' 5할 목표 달성했지만...아쉬움 남는 끝내기 패배 [오!쎈 잠실]
773,2022.08.26.,"켈리 앞세운 LG, KIA 제압... KT는 거침없는 5연승"
774,2022.08.26.,"안세영, 세계개인배드민턴선수권 여자단식 4강 진출"
775,2022.08.26.,"컵대회 준결승, 삼성화재vs한국전력, 우리카드vs대한항공"
776,2022.08.26.,"강백호 터진 KT, SSG까지 잡고 5연승[스경XMVP]"
777,2022.08.26.,[KBO 내일의 선발투수]8월27일(토)
778,2022.08.26.,"한덕수 ""부산엑스포 유치계획서 확정…충분히 승산 있다"""
779,2022.08.26.,"'켈리 14승' LG, KIA에 설욕전…KT 5연승 질주(종합)"
780,2022.08.27.,"'곽빈 5승투+김재환 34일만에 17호포&박세혁 결승타' 두산, KIA 눌러…'구창모..."
781,2022.08.27.,3위 kt와 4위 키움의 연승은 끝나고 7위 NC와 8위 두산은 나란히 4연패를 끊어...
782,2022.08.27.,"[프로야구] 27일 LG 2위 굳히기, 두산 KIA 2-1 역전승...프로야구 순위"
783,2022.08.27.,[부고] 이준 수원 삼성 축구단 대표이사 모친상
784,2022.08.27.,"'아시아 챔피언스리그 티켓 정조준' 인천유나이티드, FC서울 2대 0 완파하고 ..."
785,2022.08.27.,"'5명 10+득점' 삼성생명, 신한은행 대파…박신자컵 첫 승"
786,2022.08.27.,"인천, 서울과 '경인 더비'에서 2-0 완승... 3위 도약"
787,2022.08.27.,"'완벽 계투' LG, 키움 안우진에 첫 완투패 선물...2위 굳히기"
788,2022.08.27.,"K리그1 인천, 경인더비서 2-0 완승하고 3위로…8월 무패 행진"
789,2022.08.27.,"K리그1 인천, 서울 2-0 완파…'8월 무패 행진' 3위 도약"
790,2022.08.27.,"[IS 스타] 3타점 벼락 스윙 김현준, ""지찬이 형 덕붙에 부담 없이"""
791,2022.08.27.,"P의 거짓, 차별화된 배틀과 이야기를 관통하는 거짓말 시스템이 핵심"
792,2022.08.27.,투자주체별 8월 매매동향 살펴보니…외국인 2차전지 집중 매수
793,2022.08.27.,[부고] 이준(프로축구 수원 삼성 대표이사)씨 모친상
794,2022.08.27.,[프로야구] 28일 선발투수 예고
795,2022.08.27.,[프로야구] 전적 종합(27일)
796,2022.08.27.,"로또 1등 당첨지역, ""로또 1030회, 12억 잭팟 주인공은?…경기도에서 1등 6명..."
797,2022.08.27.,[K리그1] 전적 종합(27일)
798,2022.08.27.,[포토] 서브컬처 행사 '서울 팝콘' 최고 인기 게임부스는?
799,2022.08.27.,"K리그1 인천, 경인더비서 2대 0 완승하고 3위로…8월 무패 행진"
800,2022.08.27.,인천 유나이티드-FC서울 '경인더비' 2-0 제압… 3위로 점프
801,2022.08.27.,"인천, 서울에 완승 3위로 올라서...수원 삼성은 3연승 좌절"
802,2022.08.27.,2022년 컵대회 우승·…한국전력 VS 대한항공 매치업 성사
803,2022.08.27.,"'LG 선수들과 함께 휠체어 농구를' 믹스볼데이 행사, 성공적으로 개최"
804,2022.08.27.,"LG, 키움 꺾고 2위 굳히기…안우진 첫 완투패"
805,2022.08.27.,"배드민턴 여자복식 김소영-공희용, 세계선수권 결승행…안세영은 4강 탈락(종..."
806,2022.08.27.,"곽빈 '7이닝 1실점 호투'... 두산, KIA 꺾고 4연패 탈출"
807,2022.08.27.,"프로배구 컵대회, 수원 한국전력-인천 대한항공 결승 맞대결"
808,2022.08.27.,"'김대원 2도움' 강원, 수원에 3-2 진땀승…울산, 제주와 무승부(종합)"
809,2022.08.27.,"K리그1 인천, 경인더비서 2-0 완승하고 3위로…8월 무패 행진(종합2보)"
810,2022.08.28.,[프로야구] 전적 종합(28일)
811,2022.08.28.,"[프로야구] 28일 KIA 타이거즈 홈런 4개 재역전승, 롯데 이대호 투런포 승......"
812,2022.08.28.,"[데이터 뉴스룸] 유통·상사業, 매출 20% 넘게 증가…이마트·롯데쇼핑, 소폭..."
813,2022.08.28.,[김정기의호모커뮤니쿠스] 제 본분을 다하는 말
814,2022.08.28.,"[데이터 뉴스룸] 셀트리온, 유한양행 제치고 업계 상반기 매출 톱 차지했다"
815,2022.08.28.,"삼성전자, 미세 플라스틱 54%↓ 세탁코스 개발"
816,2022.08.28.,"삼성전자, 파타고니아 협업 미세 플라스틱 저감 세탁기 공개 예정"
817,2022.08.28.,"""한우물 전기분해 약알칼리환원수, 당뇨 예방에 도움 된다"""
818,2022.08.28.,"[22' 상반기 리그테이블] KB증권, 'ECM 주관' 정상...'전통 빅3' 앞서며 큰 일..."
819,2022.08.28.,무려 8년만 BBBBBB→8월 단 1승으로 마감... '김광현 우울한 하루' [★인천]
820,2022.08.28.,"삼성전자, 피지 정부에 '2030 부산엑스포' 유치 협력 요청"
821,2022.08.28.,서울 강남 코엑스서 에스컬레이터 급정거 사고…12명 다쳐
822,2022.08.28.,"용인특례시, 시정 비전 '함께 만드는 미래, 용인 르네상스'"
823,2022.08.28.,한국인 자궁내막암 환자 린치 증후군 유병률…서양인 대비 높아
824,2022.08.28.,이대호 1호 홈런 날린 인천에서 은퇴 투어 자축포로 롯데 승리 이끌어…4홈런...
825,2022.08.28.,강남 코엑스서 에스컬레이터 급정거로 10여명 부상… 4명은 병원 이송
826,2022.08.28.,"""아내에게 힘이 되고파"" 승부사 이대호…우주의 기운이 몰린다 [인터뷰]"
827,2022.08.28.,강남 코엑스 에스컬레이터 급정거…4명 병원행
828,2022.08.28.,"삼성SDI 최윤호, 美인디애나 주지사 만나 배터리 사업 협력 논의"
829,2022.08.28.,"KT, 신용카드 연계 '온누리상품권 모바일 앱' 국내 첫 출시"
830,2022.08.28.,"삼성전자, ‘작업자 유해물질에 노출’ 보도에 “명백히 사실과 달라 유감”"
831,2022.08.28.,김광현이 6볼넷이라니…11승 실패했지만 놀라운 ERA 1.93→1.59 [오!쎈 인천]
832,2022.08.28.,DGIST 학위수여식…석·박사 등 과학기술인재 84명 배출
833,2022.08.28.,"삼성전자, 파타고니아와 협력한 미세 플라스틱 저감 세탁기 'IFA 2022'서 공개"
834,2022.08.28.,"삼성생명, 정액·실손 통합 보험금 찾기 서비스"
835,2022.08.28.,서울 강남 코엑스서 에스컬레이터 급정거…10여명 부상
836,2022.08.28.,"이대호, 은퇴투어 자축포로 롯데 승리 이끌며 5강 희망 이어가…삼성, 피렐라..."
837,2022.08.28.,새 아이폰 가격 '230만원?'…애플빠 외면? 삼성 반사이익 얻나
838,2022.08.28.,"삼성SDI 최윤호 사장, 한국서 美인디애나 주지사와 만남"
839,2022.08.28.,코로나 재유행 정점 찍었나… “개학·추석 연휴가 변수”
840,2022.08.29.,[BOOK소리] 상처받은 내면의 '나'와 마주하는 용기
841,2022.08.29.,"8월 집중호우, '풍수해보험' 미가입 소상공인 보장 못바다"
842,2022.08.29.,"삼성전자, 제57회 전국기능경기대회 후원"
843,2022.08.29.,"전당뇨병·당뇨병환자, 맥주·소주 2~3잔에도 담도암 발병 위험 ‘주의’"
844,2022.08.29.,[미리보는 이데일리 신문]원화·주식·채권…고개 숙인 韓경제
845,2022.08.29.,충북 초등생 줄고 학교 증가
846,2022.08.29.,톱타자 체질 박찬호 KIA 가을야구 이끈다
847,2022.08.29.,‘파월의 8분’ 금융시장 강타…코스피·코스닥 2%대 급락
848,2022.08.29.,"LG에너지솔루션, 혼다와 5조 투자...미국에 배터리 합작공장 건설"
849,2022.08.29.,"""고혈당 음주 금물… 담도암 위험 최대 104%↑"""
850,2022.08.29.,"[산업 이모저모] LG전자, 97형 OLED TV 포함 차세대 프리미엄 TV 라인업 대거..."
851,2022.08.29.,"[금융 이모저모]신한은행, '신한 SOGO사관학교 21기' 개강식 진행…""ESG 경영..."
852,2022.08.29.,맨유의 예외 없는 ‘원스트라이크 아웃’ 프로야구에 적용하면 어떨까[선동열...
853,2022.08.29.,파월 한마디에 무너진 금융시장
854,2022.08.29.,‘외계인 납치해 제품 개발’ 유머에 응답…삼성 ‘버추얼 아바타’ 띄운다
855,2022.08.29.,“기술로 승부한다” 미래 명장들의 열띤 도전
856,2022.08.29.,"파월 발언 여파...환율, 13년 4개월 만에 1,350원 돌파"
857,2022.08.29.,삼성전자 “모든 생활가전에 와이파이 탑재… 에너지 효율 1위 도약”
858,2022.08.29.,"한화 김동관, 부회장 승진… 3세 승계 가속화"
859,2022.08.29.,당뇨병 앓으면 소주 2~3잔만 마셔도 담도암 위험 2배
860,2022.08.29.,"<노영현 칼럼>이준석의 ""三姓家奴""와 ""막시무스""의 모순"
861,2022.08.29.,6년간 금융사 임직원 횡령액 1704억…은행이 894억으로 최다
862,2022.08.29.,"'레전드' 전준호 ""선수 시절 주연 아닌 조연, 도루 가치 알아주셔서 감사합니..."
863,2022.08.29.,"""G∙NUSMAS 거꾸로 읽으면""…'삼성전자 외계인 납치설' 정체 공개됐다"
864,2022.08.29.,"애플, 中과 손잡아…중국시장 0%대 삼성 스마트폰 '위기'"
865,2022.08.29.,"피렐라, 데뷔 두 시즌 만에 MVP 거머쥘까"
866,2022.08.29.,"[공매도 TOP 10 종목] 코스피, 대한전선 공매도 1위…카카오뱅크-HMM-삼성전자..."
867,2022.08.29.,"코스피, 기관과 외인 매도에 하락 마감…카카오, 네이버, SK하이닉스, 현대차..."
868,2022.08.29.,뉴욕증시 암호화폐 파월 잭슨홀미팅 연설 일파만파 국채금리 환율 국제유가 비...
869,2022.08.29.,제주 상장 기업 어떻게 키울까...
870,2022.08.30.,"‘SEOUL알고리즘+자동혈당측정기’사용한 환자, 혈당·체중 감소 효과 뚜렷"
871,2022.08.30.,"F5 ""앱·API에 대한 보안과 딜리버리 책임지는 솔루션 기업으로 변화"""
872,2022.08.30.,"조선4사, 현대重그룹 공정위 신고…‘인력 빼가기’ 공방"
873,2022.08.30.,보험사 첫 금리인하요구권 실적 비교공시... 수용률 1위 미래에셋·농협손보
874,2022.08.30.,"“이래서 잘 팔려요” 이재용 부회장, Z플립으로 직원과 ‘찰칵’"
875,2022.08.30.,"이재용, '국익 경제외교' 선봉에 선다"
876,2022.08.30.,"'돌싱글즈3' 최동환♥이소라, 데이트 목격담 확산 ""손잡고 있더라"""
877,2022.08.30.,대타로 나와 적시타…이정후 6년 연속 150안타 달성
878,2022.08.30.,"이재용, '이건희' 대를 이은 '구내식당 스킨십' 현장경영 행보...""아이 키우는..."
879,2022.08.30.,"'대체선발 윤정현의 깜짝 호투에 대타 이정후의 쐐기 2타점' 키움, 롯데 누르..."
880,2022.08.30.,"'분노의 대타 적시타' 키움 이정후 ""솔직히 선발 빠져서 아쉬워"""
881,2022.08.30.,"조선업계 만난 이정식 장관 ""노동시장 이중구조 문제 해결하자"""
882,2022.08.30.,"삼성생명, 미지급 보험금 통합 조회 '보험금 찾기 서비스' 오픈"
883,2022.08.30.,"키움, 롯데 추격 따돌리고 2연패 탈출 이정후 6시즌 연속 150안타"
884,2022.08.30.,양산 대동재가노인복지센터 추석선물세트
885,2022.08.30.,"대우조선해양-삼성중공업-HSD엔진, 친환경 선박엔진 공동 개발"
886,2022.08.30.,이영 장관 “유니콘 양성 글로벌네트워크 구축”
887,2022.08.30.,[2022 창원조각비엔날레] ② 국내 대표 작가 8인
888,2022.08.30.,"1승당 2100만원… 신진서, 세 번째 결장"
889,2022.08.30.,[알림] 제52회 대통령기 전국통일구간마라톤대회
890,2022.08.30.,[KBO 내일의 선발투수]8월31일(수)
891,2022.08.30.,롯데쇼핑 인수 10년 차…백조에서 미운오리로 전락한 롯데하이마트 [미운오리...
892,2022.08.30.,[EBN 오늘(30일) 이슈 종합] 신용대출 급감 은행 대출 수요 '빨간불'…순탄찮...
893,2022.08.30.,"김진표 국회의장, “경기남부국제공항 건설은 수원·화성 ‘윈윈’ 묘법”"
894,2022.08.30.,"이정후 6년 연속 150안타, 키움은 롯데에 1점차 신승"
895,2022.08.30.,"[박신자컵]韓 여자농구가 기대하는 재능, 삼성생명 이해란의 구슬땀"
896,2022.08.30.,[금융in] ‘금리인하요구 수용률 성적’ 공개됐다… 각 업권 수용률·감면액 ...
897,2022.08.30.,주택시장 '하이엔드 브랜드' 요구 날로 커져
898,2022.08.30.,"농협울산유통센터, 추석맞이 특별할인 행사 개최"
899,2022.08.30.,"[프로야구] 30일 키움 롯데에 6-5 승, 이정후 6년 연속 150안타...프로야구 순..."
