title,label
삼성 준법위-사업지원 TF 회동…콘트롤타워 부활 논의했나,1
"삼성전자, 장애인 직원 채용 자회사 만든다…일자리 창출",1
"삼성전자, 자회사형 장애인 표준사업장 만든다",1
"한국남동발전-삼성전자, '탄소중립' 함께 달린다",1
"삼성 임원들, 격려금 100억 모아 헌혈버스 4대 기부",1
"삼성전자 찾은 민주당 “韓기업, 미·중 패권 희생양 안되도록 할 것”",0
세계 1등 한국제품 몇개일까…“삼성전자가 올킬”,1
"국내 100대기업 내 여성 임원, 400명 돌파…삼성전자 최다",0
"삼성, 대한적십자사에 '헌혈버스' 4대 기증…이재용 '동행 철학' 실천",1
세계 1·2위면 뭐하나… 창고에 쌓이는 삼성·LG TV,2
"삼성家 저격 '삼성생명법', 2년 만의 부활?",2
세계에서 팔린 TV 3대 중 1대는 삼성…누적 점유율 1위,1
"삼성전자, e식품관 '100만 방문' 기념 고객 감사 기획전",0
품질경영대회 은탑훈장에 TV 16년 1위 삼성전자 김형남 부사장,1
"삼성 TV, 글로벌 점유율 1위...LG는 10년 연속 'OLED 왕좌' 예약",1
"삼성전자, 메모리 한파에 세계 반도체 1위 자리 인텔에 내줬다",2
"NH농협은행, '김치의 날' 맞아 삼성전자와 김장 및 쌀 나눔 행사 실시",0
"""번 돈 절반 썼다""…삼성·SK·롯데 대기업도 줄줄이 '비명'",2
"민주, 삼성전자 공장 방문…미중 경쟁 산업계 전략 점검",0
"삼성 네오 QLED 4K TV, 유럽 IoT기기 보안 표준 인증 획득",1
"애플, 삼성전자 낸드플래시 도입 가능성↑…  中 견제 영향",0
"삼성 경계현이 주목한 자이스, 韓 480억 R&amp;D 투자",0
"민주당 민생대책위 ""반도체 경쟁 살얼음판…삼성전자 역할 중요""",2
‘삼성 저격수’ 박용진이 발의한 ‘삼성생명법’…정무위 법안소위 상정,0
"블랙프라이데이 맞아 삼성·LG, 북미 TV 판촉 '사활'",1
"[단독] “최고 속도·최저 전력” 삼성전자, 20년 공들인 차세대 ‘M램’ 공개",1
"[종합] 中 강세에도 전 세계 휩쓴 'K-TV'…삼성·LG, 점유율 절반 차지",1
"""믿었던 서버용 메모리마저""..삼성·SK '반도체 혹한기'",2
"""2년 더 일했는데 신입 연봉이랑 같다니…"" 삼성 직원의 분노",2
"""반도체 치킨게임""...삼성전자·SK하이닉스, 왜 달라지나",0
애플과 경쟁 와중에…유럽서 샤오미에 추격당하는 삼성폰,2
"삼성전자, 세계 TV 시장 점유율 30%로 1위 수성…“프리미엄 부문서 선전”",1
"박용진 ""삼성 이재용, 아버지 시대의 유물 정리해야""",0
"삼성·LG, 경기 침체에도 글로벌 TV 시장 점유율 ‘1·2위’",1
"'경제' 외치는 민주, 삼성行 ""미중 경쟁 희생양 않도록 최선""",0
"삼성전자, '자회사형 장애인 표준사업장' 설립해 일자리 창출",1
파운드리 반전 신호탄 쏜 삼성…'거물급' 고객 확보했다,1
다시 등장한 '삼성생명'법...국회 통과 여부에 주목,2
"남동발전-삼성전자, '탄소중립' 공동 대응",1
불황 덮친 글로벌 TV시장…삼성·LG는 선전,2
해묵은 '삼성생명법' 또 꺼낸 국회,2
"삼성 TV, 17년 연속 글로벌 1위 수성…LG도 2위 유지",1
"TV 불황에도 삼성·LG, 전 세계 시장점유율 1,2위 차지",1
"삼성전자, 구글 제치고 '글로벌 최고 브랜드' 1위 올라",1
"정무위 법안소위, 삼성그룹 지배 구조 영향 삼성생명법  상정",2
"TSMC, 3나노 웨이퍼 가격 25% 인상…삼성전자, 반사이익 얻을까?",2
"삼성 글로벌 TV 1위, LG 올레드 TV 1위 지켰다",1
"삼성 Neo QLED 4K TV, 유럽 IoT기기 보안 표준 인증 획득",1
"삼성, 대한적십자사에 '헌혈버스' 4대 전달… 10년간 40대 지원 예정",0
"삼성, 100억 기부 '헌혈버스' 4대 전달...26년간 헌혈 캠페인 지속",0
[금융가 인사이드] 고객 보험료로 지배구조 다지기?…다시 도마 오른 삼성생명법,2
"구글마저 넘었다…삼성전자, 글로벌 브랜드 1위 올라 [뒷북비즈]",1
"""삼성, 아이폰에 낸드플래시 공급""…'적자' 경쟁사 타격 불가피",2
"농협은행, 삼성전자와 함께 김장김치·쌀 나눔",0
"삼성그룹 임원, 상여금 십시일반으로 헌혈버스 지원",0
"""R&amp;D에 과감히 투자해야 제 2의 삼성전자 나온다""",0
김경준 삼성전자 부사장 “UWB 기술 규제 개선 환영… 의료·로봇까지 생태계 확대”,1
"[단독] 삼성, 스페인에 반도체 팹 짓나…경영진 내년 1분기 유럽행",1
[특징주]삼성전자·하이닉스 1%안팎 상승…美반도체 강세,2
"""'8만전자' 쉽지 않다""…2023년 주도업종은?",2
삼성전자 아직 바닥 아니다?,2
삼성전자 주식 19조 팔라는 ‘삼성생명법’ 발의… 개미들 날벼락,2
해묵은 '삼성생명법' 또 꺼낸 국회,2
"박용진 ""삼성 이재용, 아버지 시대의 유물 정리해야""",0
"대덕전자, 수익성 개선 여력 상존…목표가↓-하나증권",2
"삼성전자 개미들, 한달 새 2조 팔았다",2
"삼성전자, 줄어드는 외인 매수…다시 5만전자 복귀하나",2
"""삼성전자, 7.2만→8만…목표가 더 올릴 수도""-하이",1
"“바보야, 주식은 상식대로 하는거야”…불황때 삼성전자 투자하는 이유 [강인선의 자본추]",0
6만전자 회복에도…쉬어가는 美증시에 거래량 주춤,2
"삼성전자·SK하이닉스, 미 반도체주 급락 여파에 '흔들'",2
삼성 또 경영권 리스크… 개정보험업법 통과땐 `전자 4억주` 팔아야,2
'6만전자' 지켜낼 때 '8만닉스' 뒷걸음… 반도체 투톱 희비,2
외국인 삼성전자 매수세 한풀 꺾여...원화강세 흐름 부담됐나,2
[ET] ‘테슬라를 잡아라!’ TSMC VS 삼성전자 격돌…삼전 주식 사야? 말아야?,0
삼성 시총 104조 증발…127조 늘어나 2위로 뛴 이 회사[뉴스원샷],2
"거래량도 줄었다…삼성전자, 두 달만 1000만주↓",2
"민주 ""삼성, 미·중 기술 패권 경쟁 희생양으로 안 만들것""",2
"삼성전자, 4분기 실적 부진하다는데…목표가 상향 이유는",2
"정무위 법안소위, 삼성그룹 지배 구조 영향 삼성생명법  상정",2
"삼성전자, 6만원대 안착... 증권사들 “가장 편안한 선택지”",0
10년만에 첫 적자 '공포'...소문에 출렁이는 SK하이닉스 주가,2
마이크론 20% 감산에… 파랗게 질린 삼성전자·SK하이닉스 주식,2
"삼성전자, 저평가 벗을 변화 필요…주가는 긍정적 -유진",1
"커지는 TSMC 제국…애플, 3나노도 삼성 아닌 TSMC 맡기나",2
[김대호 박사의 오늘 기업·사람] 아디다스·나이키·푸마·코인베이스·삼성전자·인텔·SK바사,0
삼성생명 “삼성전자 지분 안판다”…고객 돈으로 지배구조 유지 꼼수,2
개미들 '6만전자' 되자 차익실현…7654억원 팔아,0
"'경제' 외치는 민주, 삼성行 ""미중 경쟁 희생양 않도록 최선""",1
[특징주]삼성전자·하이닉스 1%안팎 상승…美반도체 강세,2
"'투자의 신' 버핏, 삼성 대신 TSMC 사들인 '진짜 이유' [심성미의 증시 돋보기]",2
"투자의 귀재 워런 버핏, 삼성전자 아닌 TSMC 샀다",2
공매도 줄어드는 삼성전자…7만전자 넘볼까,2
"[대형주 간다①]삼성전자, 이재용 효과 `7만전자' 기대",2
"""어제 팔 걸 그랬다""…삼성전자에 실망한 개미들 탈출 러시",2
"마이크론 감산 발표에도, 주가 6.7% 급락",2
"""삼성전자, 하이닉스 하락시 분할매수 권고""",2
"박용진, '삼성생명법' 관철 예고…""전방위적으로 뛰겠다""",2
"""원익머트리얼즈, 높은 실적·매력적인 주가""-신한",1
"""마이크론 감산, 길게 보면 삼성전자에 호재""",1
"6만전자, 다시 올라탄 외국인·기관…왜?",1
6만전자 안착했지만…외국인·기관은 또 팔았다,2
“이젠 떠날 때”...돌아온 6만전자에 개인 7650억원 팔았다,2
“삼성전자·강남아파트 이 방법 하나면 싸게 삽니다” [안갑성의 자이앤트 인터뷰],0
"삼성전자, 장중 6만1000원대 회복…약 3개월 만",1
"'버핏의 픽' TSMC…삼성, 테일러 파운드리 공장 속도내나",0
"키움證 ""원익IPS, 매력적인 주가 밸류에이션""",0
"다시 움직이는 '삼성저격수' 박용진 ""이건 이재용 돕는 법""",0
연말 코스피 순매수 나서는 기관...'삼성전자' 산다,1
삼성전자 쓸어담은 ‘개미’… 600만 주주시대,1
"[단독] 삼성생명 ""IFRS 따라 삼성전자 지분 보유""",0
2차전지 호재에 주식 수까지 5배 느네…동원산업 향후 주가는,1
"코스피, 외인·기관 '사자'에 오름세 지속…삼성전자·SK하이닉스 ↑",1
"SK하이닉스, 삼성전자 주가 다시하락세로... 내년 3분기나 돼야 반등?",2
"""주가 할인율 평균 57%""…대기업 지주사에 '쏠린 눈'",0
[유안타證 주간추천주]삼성전자·크래프톤·카카오,0
"삼성전자, 장중 6만3000원 터치…5개월만에 최고가 [증시이슈]",1
"외국인, 삼성전자 2조 '폭식'…주가도 20% 급등",1
삼성전자 3.6% 급등…6만3000원대 눈앞,1
외국인 덕에 '6만전자' 회복…'차이나런' 계속될까,1
"KB證 ""삼성전자·LG엔솔, 소수점 거래계좌 매수금 55% 차지""",0
삼성전자 주주 600만명 돌파… 올해 95만명 늘어,1
삼성전자 4% 하이닉스6% 쑥...미 물가 주춤하자 대형 기술주 강세,1
[특징주] 미 반도체 지수 급락에 SK하이닉스·삼성전자도 '털썩',2
"""내년 2분기부터 삼성전자 등 메모리 반도체주 상승 전망""",1
[특징주] 美 반도체주 급락에 SK하이닉스·삼성전자 약세,2
삼성전자·SK하이닉스 주가 '단숨에 쑥'…거침없이 쓸어담는 외국인,1
박용진 “‘삼성생명법’ 삼성 괴롭히기 아냐… 오해·거짓말 안돼”,2
[특징주] 美 마이크론 급락에 삼성전자·SK하이닉스 하락세,2
"외국인, 삼성전자 2조 '폭식'…주가도 20% 급등(종합)",1
"삼성전자, 석달 만에 6만1000원대 회복(종합)",1
"'차이나런' 외국인, 삼성전자에만 2兆 쐈다",1
"'6만전자' 회복, 개미들 차익실현..외국인·기관 순매수",1
"[특징주] 삼성전자, 5개월 만에 최고가 경신…시총상위주 일제히 급등",1
삼성전자 주주 600만명 넘었다…개인들 올 들어 16兆 담아,1
"""반등장에 믿을 株님들""…'삼성 삼총사' 쓸어담은 이것은",0
지배구조 개편 이슈 부상…삼성그룹株 지각변동 예고,0
"버티던 반도체주 무너지나…""삼성전자 약세 불가피"" [증시 개장 전 꼭 알아야 할 5가지]",2
TSMC 급등·ASML 투자 훈풍에 국내 반도체 업계 주가 ‘두근두근’,2
"""삼성전자, 9만전자 간다"" 외국인은 지금, 6만전자 '줍줍'",1
"마이크론발 충격에 반도체주 급락했지만…""삼성전자 저가매수할 때""",2
엇갈리는 삼전·하이닉스 주가…전망은?,0
'국민株' 삼성전자 주주 600만명 돌파…올해만 95만명↑,1
삼성그룹 주식·펀드로 뭉칫돈 몰린다,0
6만원 간신히 회복한 삼성전자…美반도체주 강세 영향,1
공모펀드 맥못출때 삼성그룹株펀드 '훨훨',0
"[특징주] 삼성전자, 장중 6만1000원대 회복…SK하이닉스도 1%대 강세",1
“버핏이 샀으면 확실하다”...TSMC 주가 8% 급등 [이종화의 세돌아이],1
"[특징주] 삼성전자, 장중 6만1000원 회복...1.6%↑",1
[삼성전자 주총] 주주 600만명 돌파…3개월새 9만명 늘어,1
"[특징주] 삼성전자·SK하이닉스, 美 반도체주 급락 영향에 약세",2
빈 살만 방한에 새삼 주목받는 '삼성'의 저력…토목부터 수소까지,0
"[특징주] 삼성전자, 3.8% 급등...6만3000원 진입?",1
"KB증권 ""삼성전자·LG엔솔, 국내 소수점 매매 55% 차지""",1
반도체 혹한기에 맞붙은 삼성전자 vs SK하이닉스...R&amp;D 전쟁 승자는? [이종화의 세돌아이],2
‘개미들의 끝없는 삼성전자 사랑’...삼성전자 주주 첫 600만명 돌파,1
"외국인 삼성전자에 2조 '몰빵'...돌아온 6만전자, 개미는 '팔자'",1
[특징주] 빈 살만 방문 후 관련주 변동…현대로템↓·삼성물산↑,0
'600만 주주 시대'…삼성전자 주가 부양책은?,1
삼성전자 주주 첫 600만명 돌파… 올해만 95만명 증가,1
"삼성전자, '이재용 회장' 효과 이어질까",1
내년 초 반등한다는 반도체 업황..삼성·SK 대응책은,1
"삼성전자, 지난 8월 이후 첫 6만 전자 진입",1
"주가 떨어지자 더 치고 들어온 개미들...삼성전자, 600만 주주 시대",2
이재용 '뉴삼성' 기대감…6만전자도 눈 앞으로,1
'6만전자' 굳히기 들어간 삼성전자…개인은 '대탈출',0
10년 만에 회장 승진 '이재용의 삼성전자'…주가도 화답 '6만원 돌파',1
"삼성생명 ""전자 주가따라 손익 급변땐 경영 차질""…금감원 승인 변수",2
"'조각 투자' 소수점 거래, 뚜껑 열어보니 삼성전자·LG엔솔",0
"5만전자 안녕…삼성전자, 두 달여 만에 '6만전자' 탈환",1
美서 불어오는 반도체 훈풍…삼성전자·SK하이닉스 주가 탄력,1
"'이재용 회장' 삼성전자, 6만전자 넘어 7만전자 가능할까",1
4분기 적자전환 전망에 SK하이닉스 주가 '빨간불'… 증권가 전망은?,2
삼성전자 주주 첫 600만 명 돌파‥올해 95만 명 가까이 늘어,1
실적 흐린데 주가는 '쑥'…삼성전자 사들이는 외인·기관,1
삼성전자 하루만에 다시 5만전자로…연말 랠리 가능할까,0
"[특징주] 삼성전자, 5거래일 만에 약세…6만400원 마감",2
"[특징주] 삼성전자, 장 초반 2.6% 넘게 상승…증권가는 목표가 상향",1
"[특징주] 삼성전자, 두 달 만에 '6만전자' 회복",1
"삼성전자, 이재용 회장 시대 개막… 장중 6만전자 터치",0
"삼성생명, 3분기 누적순이익 5332억…전년 比 58.8%↓",0
'시진핑 3연임'의 나비효과…韓 주가 부양 일조?,0
"삼성전자, 반도체 영업익 반토막에도 증권가 ""사라""…이유는",1
뉴욕발 훈풍에 코스피 동조화…'주가 바닥 지났나'(종합),1
쉽지 않은 '6만전자'…외국인은 사는데 개미는 팔고,1
"반도체에 5조 베팅한 버핏…""왜 삼성전자 아닌 TSMC 샀지?""",2
이재용 회장 시대 …삼성 지배구조 어떻게 손보나,0
이재용 회장 선임 소식에....삼성 계열사들도 상승세,1
"삼성생명법 재점화에 논쟁 팽팽…박용진 ""700만 주주 돈 버는 법""",0
"""삼성 사들이는 큰손들""…한 달새 13% 뛰더니 '6만전자' 회복",1
"[특징주] 6만 원대 복귀한 삼성전자, 상승세 이어갈까",1
"삼성전자, 지난 8월 이후 첫 '6만 전자' 진입(종합)",1
[김대호 박사의 오늘 기업·사람] TSMC·버크셔해서웨이·에쓰오일·아람코·삼성생명·삼성전자·ASML·MS,0
"[이재용 회장 시대] 삼성전자, 두 달 만 '6만전자' 복귀",1
"삼성전자, 두 달 만에 '6만전자' 회복...코스피 2300대 회복",1
"""2023년에도 전망밝다""…대덕전자·원익머트리얼즈 기대감↑",1
"[특징주] 삼성전자, 다시 '6만전자'로…6만200원 거래 마감",1
"""펀드 폭망하셨지요""…삼성전자, 하나만 담는 상품 나온다 [코주부]",0
"증권가 ""삼성전자, 레벨업 기회…감산 필요 없어""",1
"3일째 5만전자…주주 600만명 넘어선 삼전, 상승은 언제쯤",0
삼성전자 주주 첫 600만명 돌파…올해만 95만명 증가,1
찬 바람 불면 오르는 삼성전자…올해도 '연말랠리' 가능할까 [선데이 머니카페],0
"6만원 회복 삼성전자, 올해도 연말랠리 가나",0
'5만전자' 도돌이표에 개인들 매도행진,0
[특징주] 삼성전자 6만 원대 회복… 美 반도체주 강세 영향,1
"""주식도 펀드도 믿을 건 삼성뿐""…수조원대 뭉칫돈 몰렸다",0
"삼성전자, 두 달 만에 ‘6만전자’ 회복",1
"SK하이닉스와 차별되는 행보…증권가 ""삼성전자, 곧 봄볕 든다""",1
"“물타기도 지친다”…개인, 삼성전자 올해 최대 규모 순매도",2
돌아온 외국인 '줍줍'…2개월만에 6만전자 탈환,1
"순매수 행렬 외국인…삼성전자, 1조원 ‘저점 매수’ 들어갔다",0
TSMC 덮친 '시진핑 쇼크'…외국인들 삼성전자로 갈아탔다,1
"삼성생명, 3분기 누적 순익 58.8%↓…작년 특별배당금 역기저효과",0
“삼성전자·네카오 물렸으면 3년 버티세요”…주식투자로 36세 은퇴한 비결 [자이앤트TV],0
"삼성전자, 이재용 회장 승진에 ‘6만전자’ 복귀…2개월 만",1
'이재용의 삼성전자' 주가는 어디로…6만 넘어 7만전자 나아가나,1
"美 반도체지수 -3%…삼성전자, 5거래일만에 하락세",2
미국서 불어오는 반도체 훈풍 삼성전자·하이닉스 주가 탄력,1
"삼성전자, 5개월 만에 최고가…美 CPI 호재에 시총 상위주 일제히 ‘급등’",1
"'메모리 1위' 삼성전자 ""감산 없다"" 발표에…2·3위 하이닉스·마이크론 급락",2
또 멀어진 '6만전자·9만닉스'…반도체 치킨게임에 '개미 눈물',2
한 달간 4.7조 사들인 외국인… 큰 형님 삼성전자만 1조 넘게 ‘베팅’,0
외국인 폭풍 '사자'에…6만전자 코앞으로,1
[ET라씨로] 미국 반도체주 급락 영향...삼성전자·SK하이닉스 장초반 약세,2
"'뉴 삼성' 또 하나의 과제, 이재용 강조 '주가 부양'",1
[유안타證 주간추천주]삼성전자·삼성엔지니어링·카카오,0
"6.1만원대 복귀한 삼성전자…""이제 내년 실적 볼때""",1
[특징주]삼성전자 3%·SK하이닉스 6% 동반 강세…뉴욕증시 훈풍,1
"퀄컴, 이익성장 고려시 주가 싸다 [서학개미 리포트]",0
"600만 개미의 통큰 '삼성전자' 사랑, 빠지면 산다…""증권가 5만전자, 더 사라""",1
"미∙중 반도체 전쟁, 왜 싸우는지 알면 답 나온다(feat. 삼전 주가)[딥다이브]",0
"[특징주] 삼성전자, 모처럼 3%대 상승... 장중 5만9500원",1
삼성생명 3Q 누적순익 감소···작년 특별배당 역기저효과,2
앞자리 바뀐 삼성전자…'6만 전자' 회복,1
[핫스탁]삼성전기·롯데케미칼,0
닷새 상승분 하루만에 토해 낸 삼성전자…머나먼 '6만전자',1
"삼성전자, 2.3% 오르며 6만원대 안착…SK하이닉스도 강세",1
이재용 회장 선임에....삼성전자·계열사 주가 상승(종합),1
이재용 회장 승진에 '뉴삼성' '소탈했던 소년' 언론의 찬양 보도,0
"증권가 ""반도체 투자지속 삼성전자, 내년 하반기 실적 개선""",1
‘삼성전자’ 한 종목만 투자하는 ETF 나온다,0
"""땡큐 외국인"" 차이나런에 삼성전자 반사이익… 6만1000원선 안착",0
"[특징주] 에브리봇, 삼성전자 '1인 1로봇' 시대 준비… 홈서비스 로봇 기업 부각",0
삼성전자 주식 '50배 수익' 누구길래…사위는 '웹툰' 박태준,0
"삼성전자, 사흘째 강세…장중 6만1800원 터치 [증시이슈]",1
"""6만전자 가즈아""…이재용 회장 승진한 날, 삼성그룹株 '축포'",1
이재용 회장 승진… 불확실성 걷어내고 ‘6만전자’ 탈환,1
"삼성전자, 美 반도체주 훈풍에 장중 6만원선 회복 [증시이슈]",1
'6만전자' 시동거는 삼전·시총 4위 추락 SK하이닉스…엇갈리는 이유는,2
"""역시 삼성이다"" 불황에도 탄탄...6만전자 회복한 삼성그룹株",1
이재용 회장 취임에 힘받네…두달 만에 육만전자 터치,1
'뉴 삼성' 주가 띄워라…15% 급락에도 자사주 117억 사들인 임원들(종합),1
"‘동학개미’ 삼성전자 손절하는데 외국인은 10월 1조 순매수, 왜?",0
"삼성전자, 주주 첫 600만명 돌파…올해만 95만명 증가",1
"[특징주] 삼성전자, 장중 주가 6만 원선 재차 회복",1
"6만전자 회복한 코스피...""美 증시 영향"" [fn마감시황]",1
"미국 주가·가상화폐 급락에 코스피 장초반 2,410대로 하락(종합)",2
[핫스탁]삼성전기·롯데케미칼(종합),0
"제2 반도체 배터리株 … LG 살까, 삼성 살까",0
"국세청, 카카오 주요 계열사 특별 세무조사 착수",2
"카카오뱅크, 중·저신용 대출 잔액 비중 24%… 10월 말까지 6조6245억원 공급",0
"KISA-카카오, 플랫폼 입점 중소사업자에 개인정보보호 교육",0
카카오 또 악재…한한령 `정말 풀리나` [증시프리즘],2
"남궁훈 前카카오 대표 ""그날 잊을 수 없어…마음 다시 새길 것""",0
'불 끄는 얼음' 카카오 IDC 화재 현장에 던졌더라면,2
'먹통 사태' 때문에…SK-카카오 ESG 평가 '사회' 부문 등급 하향,2
"카카오, 내달 7일 '먹통 사태' 재발방지 대책 공개",0
왜 카카오는 스스로 ‘치부’를 공개할까?…남궁훈 소회 들어보니,2
카카오· 케이·토스뱅크 등 3분기 인터넷은행 중저신용 대출 비중↑,0
"희망브리지, 카카오와 택시 기사 의료‧생계 지원",1
"[단독] 檢, 카카오 본사에서 ‘노웅래 이메일’ 압수수색",2
"SK證, 카카오뱅크 투자의견 ‘중립’…“대출성장률 둔화 부담”",2
"카카오게임즈 디스테라, PC 스팀 얼리액세스 출시",1
[특징주] 빈 살만 카카오엔터 투자 논의에… 모회사 카카오 5%대 강세,1
"카카오페이 ""기후변화 대응 TCFD 지지…국내 핀테크업계 최초""",1
금리인상 속도조절 기대감에…'빅테크' 카카오·네이버 강세,1
코스피 소폭 상승…카카오그룹주는 동반 약세 [개장시황],0
카카오 “먹통 보상책 서두를 것”...그래서 언제쯤?,2
"BBQ, 카카오쇼핑라이브서 신제품 '자소만' 5000원 할인",0
"카카오 김범수 설립 재단, 장애인 삶 연구에 35억 지원",1
"카카오게임즈 생존 FPS '디스테라', 스팀 얼리 엑세스 출시",1
'카카오 먹통' 한 달…보상안 마련은 언제 나올까,2
'카카오 먹통 사태' 그 후…위기 막는 스타트업 '안전' 기술들 뜬다,2
카카오뱅크 '찐반등' 아니었나…증권사 목표주가 줄하향,2
"카카오 품에 안긴 타파스엔터, 웹툰 IP 美서 선전",0
카카오 개발자 컨퍼런스 ‘if (kakao) dev 2022’ 내달 7~9일 온라인 개최,0
"최승재 의원 ""카카오 '피해 협의체' 구성 꼼수…홍보에만 열중""",2
"사우디 빈 살만, 카카오엔터에 8000억원 투자 검토",0
"카카오, 연례 개발자 컨퍼런스서 ‘먹통 사태’ 원인·대응책 공유",2
“땡큐! 빈 살만”...사우디 코인 탑승 카카오 주주들 함박웃음 [이종화의 세돌아이],1
"
			'좋아하면 울리는 짝!짝!짝!', 웨이브X카카오엔터테인먼트 협업 예능..시너지 낼까?
		",1
"[특징주] SM Life Design, 카카오엔터 빈살만 펀드 1조 투자 검토… M&amp;A 추진에 강세",1
[단독] 빈살만의 사우디국부펀드 카카오엔터에 투자 추진,1
카뱅 출신 국회의원이 바라본 카카오 거버넌스는?,0
"[단독]카카오 '프로도' 상표 등록, 반지의제왕 '프로도'에 막혔다",2
카카오 5.5%↑… 사우디국부펀드 투자 추진에 그룹株 일제히 강세,1
"카카오모빌리티, ‘택시기사 의료생계 안심지원’ 시동",1
"카카오모빌리티, 택시기사 의료생계 지원…인당 최대 1,300만원",1
"사우디 국부펀드, 카카오엔터에 8000억 투자 검토",1
"카카오뱅크 목표주가 28% 하향, 투자의견도 중립으로 내려",2
"카카오뱅크, 중저신용대출 비중 24%… 연말 목표 달성 '초읽기'",0
"""빈 살만 왕세자가 카카오 찜해""…투자검토 소식에 주가 급등",1
"카카오게임즈 PC 생존 FPS 신작 ‘디스테라’, 앞서 해보기 형태로 출시",1
"카카오페이, 핀테크 업계 최초 TCFD 지지선언…""기후변화 대응 역량 강화'""",1
빈 살만이 콕 찍은 ‘돈 될만한 회사’...카카오 3총사 동반 강세,1
"카카오그룹株, 빈살만 8000억 투자 소식에 동반 강세",1
"네이버·카카오, 오픈 채팅 '월드컵 특수' 노린다",0
[ET라씨로] 빈살만 카카오엔터 투자 소식에 카카오 4%대↑,1
"""빈살만 카카오엔터 투자 추진 기대""…대원미디어 17% 급등",1
"카카오 홍은택 ""피해 지원, 카카오 혼자 풀기 어렵다""",2
카카오 개발자 콘퍼런스 개최…먹통 사태 원인·재발방지책 발표,0
"[특징주] 카카오그룹株, 국세청 특별 세무조사에 약세",2
"[특징주] 카카오 4인방, 사우디 국부펀드 투자 보도에 강세",1
'카카오 먹통'...클라우드·IDC 정책토론회 열린다,0
"카카오, '먹통 사태' 보상안 논의 첫발…협의체 첫 회의",0
"카카오의 북미 기지 타파스엔터, 애니미 NYC서 빛났다",1
None,0
카카오 김범수 재단  '사회역학자' 김승섭 교수에 35억 '통큰' 지원,0
"[개장] 코스피, 개인 매수에 2420선 안착… 카카오 주가 4%대↑",1
카카오 ‘먹통 사태’ 보상 논의 첫걸음…피해지원 협의체 첫 회의,2
카카오 ‘피해지원 협의체’ 첫 회의… 홍은택 “혼자 풀기 어려운 난제”,2
“카카오뱅크 팔아라”…약세장서 소신 지킨 DB금융투자,2
"카카오, 서비스 장애 피해 지원 협의체 구성…21일 첫 회의 진행해",2
"[특징주] 카카오그룹, 국세청 특별 세무조사에 약세(종합)",2
카카오 '이프카카오'서 먹통 사고 되돌아본다…재발 방지책 발표,0
"카카오, 피해지원 협의체 첫 회의…홍은택 ""혼자 풀기 어려운 난제""",2
"SK證 ""카카오뱅크, 디레버리지 국면 불편…투자의견↓""",2
"카카오 먹통 방지책 맡은 남궁훈 ""치부 공개 부끄럽지만 성장 기회될 것""",1
카카오 '먹톡' 재발방지책 내달 7일 내놓는다,0
"카카오모빌리티, 택시 기사 의료생계 안심지원 진행",1
카카오 먹통사태 보상논의 첫발… “피해사례만 10만건”,2
"`카카오 사태` 대책발표 앞둔 남궁훈 ""부끄럽지만… 공동성장 기회삼겠다""",1
"국세청, 카카오 핵심 계열사 특별 세무조사 착수…탈세 여부 검증",2
'먹통 사태' 보상회의 첫발..카카오 보상까지 '먼산',2
"국세청, 카카오 계열사 ‘특별 세무조사’ 착수?",2
"카카오, 개발자 컨퍼런스서 데이터센터 장애 원인 분석",2
"카카오메이커스, '서울카페쇼' 온라인 페어…""상생·협력 실천""",1
"카카오페이, TCFD 지지 선언...기후변화 대응 강화",1
"미래 먹거리 찾는 사우디, K-게임 이어 카카오엔터 투자하나",1
"카카오, ‘먹통 사태’ 재발방지대책 다음달 7일 공개",0
"카카오 피해지원 머리 맞댔다…홍은택 ""혼자 풀기 어려운 문제""",2
"카카오, '먹통' 재발방지대책 다음달 7일 공개",2
"SK證 ""카카오뱅크 투자의견 중립으로 하향…과잉자본 상태""",2
"카카오페이, 핀테크 최초 '기후변화 대응 TCFD' 지지 선언",1
"[게시판] 희망브리지-카카오, 택시기사 의료·생계지원",1
내달 7일 카카오 개발자회의…먹통 원인·재발방지대책 발표,2
"카카오모빌리티, '택시기사 의료생계 안심지원' 제도 신설",1
카카오페이 “기후 관련 재무정보공개할 것”…핀테크 업계 최초,1
코스피·코스닥 하락세‥카카오 그룹주 일제히↓,2
'카카오 먹통' 재발방지책 다음달 7일 개발자 컨퍼런스서 공개,2
"카카오페이, 내년부터 ESG보고서 발간…기후 관련 재무정보 투명 공개",1
"""먹통 사태 보상책 논의"" 카카오, 1015 피해지원 협의체 첫 회의 열어",0
"""카카오뱅크, 대출성장률 둔화가 약점으로…목표가·투자의견↓""-SK",2
"카카오게임즈, '디스테라' 스팀 얼리 액세스 출시",1
"남궁훈 카카오, 12월 7일 서비스 장애 재발 방지 대책 발표",0
"카카오페이, 기후변화 대응 역량 강화…TCFD 지지 선언",1
"카카오뱅크, 대출 성장률 둔화가 밸류에이션 약점…목표가↓-SK",2
"국세청, 카카오 계열사 '특별 세무조사' 착수",2
"SK증권, 카카오뱅크 투자의견 ‘중립’ 하향",2
"
			카카오엔터 '소녀 리버스', 버추얼 예능 콘텐츠 물꼬 틀까
		",1
"""카카오그룹株, 단기반등에 그칠 것"" [2023년 증시전망]",2
"카카오모빌리티, `택시기사 의료생계 안심지원` 시작",1
"카카오, 내달 ‘먹통 사태’ 재발방지대책 발표",0
"[특징주]카카오, 사우디 국부펀드 투자 보도에 5%대 강세",1
"SK증권 “카카오뱅크, 매출 성장률 둔화… 목표가·투자의견 모두 하향”",2
"카카오, 서울카페쇼 ‘온라인 페어’ 진행…브랜드 지원 목적",0
“아~ 카카오” 그룹주 동반 하락...남몰래 웃는 카뱅,1
"카카오게임즈, PC 생존 FPS '디스테라' 얼리 액세스 출시",0
"카카오·케이·토스뱅크, 3분기 중저신용 대출 비중↑ 목표치 달성할 듯",1
"카카오페이 ""핀테크 최초 TCFD 지지…기후 관련 재무정보 공개""",0
"카카오, 서비스 장애 관련 ‘1015 피해지원 협의체’ 첫 회의 진행",0
"SK증권, 카카오뱅크 투자의견·목표주가 모두 하향",2
"카카오게임즈 생존 FPS ‘디스테라’, 스팀 얼리 액세스 출시",0
"카카오, 개발자 컨퍼런스 '이프 카카오' 내달 개최…먹통 사태 대비책 공유",0
"카카오메이커스, ‘2022 서울카페쇼’와 함께 온라인페어 진행",0
카카오택시 ‘콜 몰아주기’ 제재 움직임에… 모빌리티업계 “불똥 튈라” 긴장,2
"""빈 살만이 관심 보이니""...네이버·카카오 동반 강세",1
"카카오·토스, 디지털 뱅킹 역량 전통은행 앞질렀다",1
카카오게임즈 기대 신작 '디스테라'…앞서 해보기 형태 출시,0
‘카카오 먹통’ 보상 첫 회의 “합리적 기준 신속히 마련”,0
"카카오페이, TCFD 지지선언… ""기후변화 대응 역량 강화""",1
[특징주]빈살만 투자 소식에…카카오 5% 등 그룹주 급등,1
"카카오 '먹통 사태' 보상 협의체 첫 회의… ""신속히 기준·정책 마련""",0
"사우디 국부펀드, 카카오엔터테인먼트에 8000억 투자하나",1
'먹통 사태' 카카오…2주 만에 호감도 회복,1
"카카오뱅크 vs 케이뱅크, 주담대 어디서 받을까",0
"적금 들면 치킨 온다…카카오뱅크, 금리 7% 상품 출시",1
"BBQ, 국가대표 응원 ... 카카오쇼핑라이브서  '자소만' 5천원 할인",0
"카카오엔터 북미법인 타파스, '애니메 NYC'서 오리지널 IP 선봬",0
[특징주] 빈살만 카카오엔터 투자 추진 소식에 그룹·웹툰주 강세,1
"카카오 ""먹통 보상책 서두를 것""",0
"카카오뱅크, 장기 대출성장률 전망치 하향…투자의견·목표가↓-SK증권",2
"한국조에티스, 동물병원 전용 카카오톡 채널 파일럿 개설",0
"""서울 재건축·재개발 정비계획, 카카오톡으로 받아보세요""",0
‘먹통 사태’ 카카오 2주 만에 호감도 평소 수준 회복,1
"카카오모빌리티, 상생기금 22억원으로 택시기사 의료지원",0
[특징주] 빈살만 카카오엔터 투자 추진 소식에 그룹·웹툰주 수혜(종합),1
"카카오뱅크, '26주적금 with 교촌치킨' 출시",0
"카카오, '먹통 사태' 피해 보상 협의체 첫 회의",0
카카오메이커스-2022 서울카페쇼 온라인페어 개최,0
"카카오, 서비스 장애 관련 ‘1015 피해지원 협의체’ 첫 회의 마쳐",0
"당근마켓, 신임 대표에 카카오 출신 '황도연' 부사장 내정",0
"아르코문학창작기금 선정작, 카카오 브런치로 본다",0
"카카오, 서비스 장애 관련 '1015 피해지원 협의체' 첫 회의",0
카카오그룹株 동반 상승…‘빈 살만 투자 논의’에 투심 개선 [증시이슈],0
"포스코케미칼, 양·음극재 투트랙 전략…미래첨단소재 기업 변신 가속도",1
[IRA 점검]포스코케미칼 음극재 美 시장 '돌풍' 예상...'인니산 니켈'은 어쩌나,2
"포스코케미칼, 6거래일 만에 하락…단기 급등 피로감",2
"""양극재 생산량 2배로""…진격의 포스코케미칼",1
포스코케미칼·GM 합작사의 특이한 지분구조...'85대 15' 이례적 사례,0
"[특징주] 연일 신고가 경신하던 포스코케미칼, 5%대 약세",2
"포스코케미칼, IRA 수혜 기대감에 또 신고가 경신 [증시이슈]",1
"포스코케미칼, 세계 최대 규모 양극재 공장 완공",1
"""임원 내보내라""…공정위, 협력사 경영 간섭한 포스코케미칼 제재",2
"미래 먹거리 '양극재' 잡자… 포스코케미칼, 세계 최대 공장 건설",1
"유안타證 ""포스코케미칼, 내년도 올해처럼 양극재 중심 성장""",1
"포스코케미칼, 숨 고르는데도 한 달 새 40% 급등",1
"포스코케미칼, 세계 최대 양극재 공장 준공",1
"포스코케미칼 ""포드사 양급제 공급 관련 결정된 사항 없어""",0
"""2차전지株로 성공적 변신""…40% 뛴 포스코홀딩스",1
포스코-광양 상생안…8개월째 공회전?,0
"포스코케미칼, 양극재 사업 확대 잰걸음…""IRA 대응 가능""",0
협력사 임원 인사·지분율까지 간섭한 포스코케미칼,0
"[포항]공정위, 포스코케미칼 '슈퍼 갑질' 철퇴···""경영 간섭""",2
"포스코케미칼, 817억 규모 연와보수 협력작업 체결",1
"""쌩큐, 바이든"" 7개월만에 129% 폭등...파죽지세 포스코케미칼",1
세계 최대 규모 포스코케미칼 양극재 광양공장 준공,1
"[클릭! 이 종목] `IRA 수혜주` 포스코케미칼, 52주 신고가 연일 경신",1
"'파월 쇼크'에도…포스코케미칼, 나홀로 급등 이유는",1
"포스코케미칼, 차세대 음극재 투자 소식에 ‘급등’",1
"'IRA 대응 가능' 포스코케미칼, 52주 신고가",1
"포스코케미칼, 양극재 '환경 인증' 획득",1
“인사청탁 거부하자 계약해지”… 포스코케미칼 협력사 사장의 눈물,2
[취재수첩] 호실적에 가려진 포스코케미칼의 부끄러운 민낯,2
무색해진 공정거래 노력…포스코케미칼 협력사 갑질 논란,2
전담조직에 부서별 커미니케이터까지…포스코케미칼 최고의 IR,1
"'LG엔솔 재계약 앞둔' 포스코케미칼, 2023년 하이니켈 양극재 양산 본격화",0
"포스코케미칼, 음극재 시장 정복 나선다",1
"지주사 전환 8개월 포스코그룹, 신사업 추진속도 '탄력'",1
"[종목이슈] 원준, 포스코케미칼의 美 자동차 3사 음극재 공급 '숨은 수혜주'",1
"'완성차업체 공략' 포스코케미칼, GM 다음은?…포드·테슬라 등 거론",0
포스코케미칼 `광양`·에코프로 `포항`… 배터리 순환경제 잰걸음,1
"민경준 포스코케미칼 대표, ""미국 자동차 3사와 음극재 공급 논의""...JV 설립하나",0
[주식 초고수는 지금] 국내외 정책 수혜 기대되는 포스코케미칼 매수 1위…미래나노텍·에코프로비엠도 주목,1
화학의 롯데 vs 금속의 포스코…배터리에서 붙는다,0
"10대그룹 시총, 올해 97조 증발…'현대重·포스코' 웃고, 'SK' 울었다",1
[주식 초고수는 지금] 멈추지 않는 2차전지…포스코케미칼·삼성SDI 등 관심집중,1
[사진]포스코케미칼 '제20회 머니투데이 IR대상' 종합대상 수상,1
[주식 초고수는 지금] 美 IRA 수혜 기대 큰 포스코케미칼·LG엔솔 매수세 집중,1
배터리 제조사 '패싱' 가능한 포스코케미칼…이유는? [IT클로즈업],1
"[단독] 포스코·에코프로, 加 퀘벡서 양극재 '정면 대결'",0
"""우리 없으면 안 돼""…포스코, '꿈의 배터리' 핵심되나",1
"포스코케미칼, 9분기 연속 최대 매출",1
"[특징주] 포스코케미칼, 이차전지 소재 매출 확대 전망에 '신고가'",1
"포스코케미칼, 7일 기업설명회 개최",0
포항시 23일 취업박람회 개최…포스코 등 120곳 참여,0
"나홀로 빛난 포스코케미칼...민경준 사장, '5연임' 보인다",1
[주식 초고수는 지금] 주도주 굳힌 2차전지株 포스코케미칼·LG화학·에코프로 매수세,0
[김대호 박사의 오늘 기업·사람] CJ제일제당·포스코·SPC삼립·테라파워,0
"포스코케미칼, 세계 최대 규모 양극재공장 준공…연산 9만톤",1
"[포토]포스코케미칼, 세계 최대 규모 양극재공장 준공",1
협력사 임원 ‘낙하산’ 보낸 포스코케미칼… 과징금 5.8억,2
"철강주→리튬주로 변신한 포스코홀딩스 주가 40%↑…""내년 기업가치 부각 본격화""",1
"포스코케미칼, 세계 최대 규모 양극재 공장 완성…연산 9만톤",1
"광양에 세계 최대 양극재 생산기지 구축…포스코케미칼, 글로벌 1위 '정조준' [뒷북비즈]",1
포스코케미칼 하도급법 등 위반 제재,2
"포스코케미칼, 연산 '9만 톤' 양극재공장 종합 준공…""세계 최대 규모""",1
포스코케미칼 '협력사 부당 경영 간섭' 5억8000만 원 과징금,2
"""다 잃고 나갈래?""… 포스코케미칼, 협력사 사장 압박 등 '갑질' 혐의로 공정위 철퇴",2
"포스코케미칼, 광양에 양극재공장 준공…“전기차 100만대 분량”",1
[여기는 전남] 포스코케미칼 양극재 광양공장 종합 준공 외,0
협력사 임원 내쫓기까지 ‘포스코케미칼’ 갑질… 공정위 과징금 5.8억원 부과,2
"도넘은 포스코케미칼, 협력사 ‘갑질’ 충격… “아직도 이런데가 있나” 비판 확산",2
협력사 임원 마음대로 꽂았다 … 포스코케미칼 과징금,2
"포스코케미칼, 세계 최대 전기차 배터리 소재 공장 준공",1
"공정위 “포스코케미칼, 19개 협력사 임금·인사·지분 등 경영사안 결정”",1
협력사 임원 연봉까지 간섭… 포스코케미칼 과징금,2
포스코케미칼 광양에 최대 양극재공장 준공,1
포스코케미칼 세계 최대 양극재 광양공장 종합 준공,0
"포스코케미칼, 광양에 세계 최대 ‘양극재 전용 공장’ 완공",1
"“사장님, ○○임원 왜 안 내보내세요?”···공정위, 협력사 경영 대놓고 간섭한 포스코케미칼에 과징금 5억8000만원",2
"포스코케미칼, 광양 양극재공장 '종합 준공'…캐파 9만톤",0
"포스코케미칼, 2023년 실리콘 음극재 투자 돌입",1
포스코케미칼 양극재 광양공장 종합준공식,0
"포스코케미칼, 양극재 환경성적표지 인증받았다…ESG 경영 강화",1
"포스코케미칼, 양극재도 ‘환경성적표지’ 인증",1
"포스코케미칼, 양극재 환경성적표지 인증 획득...업계 최초",1
"500兆 수주액 믿는다… LG·포스코, 배터리 소재 증설",0
"포스코케미칼, 양극재 ‘환경성적표지’ 인증 획득…ESG 경쟁력↑",1
"민경준 포스코케미칼 사장 ""북미 음극재 신규 공장 투자 검토""",0
"[특징주]포스코케미칼, 음극재 투자 소식에 7%대 급등",1
포스코케미칼이 만든 양극재 1㎏ 탄소발자국은 최소 22㎏...업계 첫 정부 인증,1
"포스코케미칼, 포스코와 연와보수 협력작업 체결…총 1조646억 규모",0
"포스코케미칼, 국내 배터리 소재 업체 처음 '양극재 환경성적표지' 받았다",1
포스코케미칼 '종합대상'…머니투데이 IR대상 성료,0
"포스코케미칼, 양극재 환경성적표지 인증",1
"포스코케미칼 민경준, 북미 음극재 공장 신설 시사…""연내 윤곽""",1
"민경준 포스코케미칼 대표 ""연말께 JV방식으로 북미 지역 음극재 증설 투자 협상 추진""",1
"[Biz &amp; Now] 포스코케미칼, 세계 최대 규모 양극재공장 본격 가동",1
"[비즈&amp;] 포스코케미칼, 배터리 소재 양극재 친환경 인증 外",1
"'배터리 호황' 포스코케미칼, 9분기 연속 매출 신기록…""올해 3조 돌파""",1
"민경준 포스코케미칼 사장 ""합작투자 포함 음극재 증설 협상 추진""",1
"포스코, 풍력용 후판제품 생산공장 인정",1
"흔들리는 브리티시볼트…포스코케미칼 등 韓 기업, 유럽 공략은?",0
"롯데케미칼, 배터리 승부수…제2의 포스코케미칼 될까 [기업&amp;이슈]",0
민망한 최정우 포스코그룹 회장의 ‘친환경 경영’ 청사진,1
"[특징주] 포스코케미칼, 차세대 음극재 사업 본격화 기대감에 '신고가'",1
[주식 초고수는 지금] '美 IRA 수혜주' 포스코케미칼·에코프로비엠 매수 상위,1
[주식 초고수는 지금] ‘믿을 건 실적 뿐’ 포스코케미칼·LG에너지솔루션 2차전지주에 수급 집중,1
"[특징주] 포스코케미칼, 깜짝 실적 힘입어 연일 강세",1
"에코프로-포스코, 加 퀘벡서 '양극재 대결'",1
"""IRA 발효→러브콜 쇄도""…포스코케미칼, 북미 투자 앞당기나",1
